horas_uso,dias_sin_mantenimiento,fallas_previas,antiguedad,horas_por_dia,uso_proyectado_30d,criticidad,tipo_maquina,fallo_30d
1060,47,0,5,5.210382773981415,156.31148321944244,1,1,0
1494,254,1,17,8.107429287279,243.22287861837,1,1,0
1330,153,2,9,4.527208667455941,135.81626002367824,1,1,0
1295,227,0,17,4.8329486406521225,144.98845921956368,1,1,0
1838,160,1,19,4.016265396485978,120.48796189457934,1,1,0
2369,100,2,7,4.700176384850088,141.00529154550264,2,1,0
666,153,0,9,6.838997206311353,205.1699161893406,2,1,0
1438,111,0,7,7.6366112863350315,229.09833859005096,1,1,0
530,154,0,13,8.765736699798774,262.97210099396324,2,1,0
1682,183,0,11,4.640195500680616,139.20586502041849,1,1,0
2335,115,3,14,9.10436476009873,273.1309428029619,2,1,0
330,184,2,19,8.475847153292309,254.27541459876926,1,1,0
1885,52,1,11,6.451109757615502,193.53329272846506,2,1,0
969,95,1,13,9.597628402599728,287.92885207799185,1,1,0
1715,184,0,14,9.945576858744344,298.3673057623303,1,1,0
1415,97,0,13,5.230010860319424,156.9003258095827,1,1,0
1155,82,3,1,6.2753715097828024,188.26114529348408,1,1,0
1384,160,0,8,9.558696541538268,286.76089624614804,1,1,0
659,118,0,12,8.329579304507662,249.88737913522988,1,1,0
221,202,0,19,4.288567863784526,128.6570359135358,1,1,0
947,155,0,12,8.68908689050849,260.6726067152547,1,1,0
674,45,0,8,8.967645323064952,269.02935969194857,1,1,0
1282,69,0,8,8.503011548591882,255.09034645775645,2,1,0
2247,103,2,13,8.797222785517093,263.9166835655128,1,1,0
1175,114,2,12,8.950796060156783,268.5238818047035,1,1,0
2006,191,1,16,5.118429920728865,153.55289762186595,1,1,0
389,14,0,1,5.414150476389999,162.42451429169995,2,1,0
762,137,1,13,7.802551382321063,234.07654146963188,1,1,0
2099,44,0,7,9.447196782775096,283.41590348325286,2,1,0
1467,119,0,5,5.897179493778967,176.91538481336903,2,1,0
1728,87,3,8,7.52984005477034,225.8952016431102,1,1,0
846,212,2,14,8.097892380502795,242.93677141508385,1,1,0
2268,151,3,13,6.7116916077942355,201.35074823382706,2,1,0
2414,93,0,15,8.282694729131956,248.48084187395867,2,1,0
1497,169,2,17,9.39800467175304,281.9401401525912,1,1,0
800,117,2,15,7.744609265091025,232.33827795273075,1,1,0
2261,197,0,18,7.238686371487798,217.16059114463394,2,1,0
441,168,1,18,6.632468052330035,198.97404156990103,1,1,0
2241,57,1,2,7.464917625436755,223.94752876310264,2,1,0
1563,52,1,4,6.132174710910375,183.96524132731125,1,1,0
2339,25,2,1,6.348892661209011,190.46677983627035,1,1,0
1590,28,1,4,7.191144878129044,215.73434634387132,2,1,0
1678,212,1,18,4.399714674344902,131.99144023034705,1,1,0
975,68,1,5,5.374152345548778,161.22457036646333,1,1,0
234,169,0,19,7.257095863680453,217.7128759104136,1,1,0
2453,152,2,15,6.589168858818656,197.6750657645597,1,1,0
2155,76,2,8,5.996894715474905,179.90684146424715,1,1,0
1785,158,1,17,8.38329482085581,251.49884462567428,1,1,0
1221,46,0,1,8.16230564442003,244.8691693326009,1,1,0
1329,89,1,12,5.000384559960299,150.01153679880898,2,1,0
1700,151,1,19,9.27177469224063,278.1532407672189,1,1,0
902,205,0,15,6.972541758423794,209.17625275271382,1,1,0
1779,87,0,9,8.448765466834272,253.46296400502817,1,1,0
361,63,0,7,7.438905095544332,223.16715286632996,2,1,0
401,0,0,2,9.98615569554306,299.5846708662918,2,1,0
2181,141,1,9,8.514418720232936,255.43256160698806,1,1,0
1195,72,1,10,8.241882767460755,247.25648302382265,1,1,0
1015,50,1,2,8.671431634304506,260.1429490291352,1,1,0
655,113,0,19,4.8587679132908175,145.76303739872452,2,1,0
1475,150,0,11,5.22726755901678,156.8180267705034,2,1,0
1216,186,1,13,8.284384493341685,248.53153480025054,1,1,0
537,134,1,10,6.963888922785176,208.9166676835553,2,1,0
1078,85,1,14,8.5278117511607,255.834352534821,2,1,0
1276,217,2,18,4.61749618446487,138.5248855339461,1,1,0
991,148,0,19,7.218888108907569,216.56664326722708,1,1,0
2464,65,2,9,6.272929393341494,188.1878818002448,1,1,0
963,70,0,7,6.74200131569007,202.26003947070208,1,1,0
2435,42,1,3,7.6237472324350755,228.71241697305226,2,1,0
579,67,2,6,7.013730084775181,210.41190254325545,1,1,0
692,96,0,2,7.23916382267702,217.17491468031062,1,1,0
1380,158,0,6,6.918144891973647,207.54434675920942,1,1,0
2262,4,1,3,6.45373106251296,193.6119318753888,1,1,0
264,130,0,16,8.631291883589471,258.9387565076841,1,1,0
1567,109,2,8,4.073218433908267,122.19655301724802,1,1,0
1352,40,2,2,7.590656207231362,227.71968621694086,1,1,0
2227,186,1,17,7.393050083937843,221.7915025181353,1,1,0
1695,138,0,9,8.297074448397712,248.91223345193137,1,1,0
1362,155,0,12,7.594176188663959,227.82528565991876,1,1,0
1722,78,0,3,8.96079296685447,268.8237890056341,1,1,0
591,189,1,11,9.754448767384167,292.633463021525,1,1,0
1898,0,1,1,6.05514554307126,181.6543662921378,1,1,0
618,198,1,13,5.364105898179922,160.92317694539764,1,1,0
578,133,0,15,6.541581174522897,196.2474352356869,1,1,0
1996,101,0,5,5.727577698854357,171.8273309656307,1,1,0
2478,134,2,17,7.689701578915926,230.69104736747778,2,1,0
2288,41,0,6,9.471114453057789,284.13343359173365,1,1,0
2382,154,2,11,4.834697164858371,145.04091494575113,1,1,0
400,96,0,18,4.604767618095319,138.14302854285955,2,1,0
2063,106,1,4,5.5360931911219735,166.0827957336592,1,1,0
979,109,1,3,8.356573516374404,250.69720549123213,1,1,0
702,141,0,13,7.557777431552929,226.73332294658786,2,1,0
1951,112,1,9,4.613275985351198,138.39827956053594,2,1,0
1004,59,3,6,9.51250313356448,285.3750940069344,1,1,0
2346,162,2,12,8.74050782274452,262.2152346823356,1,1,0
2095,69,2,2,4.138135628725825,124.14406886177476,1,1,0
1770,22,1,3,7.908203265929477,237.24609797788432,1,1,0
1160,43,1,3,8.627480011118427,258.82440033355283,1,1,0
1685,129,2,12,6.246612218322532,187.39836654967598,1,1,0
1228,134,0,15,4.4135292362033125,132.40587708609937,1,1,0
702,52,1,9,4.4639263929327235,133.9177917879817,1,1,0
597,121,0,8,4.625481796310857,138.76445388932572,2,1,0
1070,108,0,11,9.042637791882537,271.27913375647614,1,1,0
592,158,0,16,9.464117189534278,283.92351568602834,1,1,0
406,38,0,4,4.736864691074403,142.10594073223209,1,1,0
1238,62,1,1,5.415436207570487,162.46308622711462,1,1,0
2081,103,2,7,4.993123062203739,149.79369186611217,1,1,0
1684,99,1,2,5.1179252769647245,153.53775830894173,1,1,0
1063,99,2,5,9.024944734014952,270.74834202044855,1,1,0
763,82,1,7,5.992878475929634,179.78635427788902,1,1,0
1220,37,1,4,5.868665584273847,176.05996752821542,1,1,0
295,109,1,5,5.364373725262675,160.93121175788025,1,1,0
2123,31,1,1,7.647366362765553,229.42099088296658,1,1,0
1957,36,1,1,6.275834190313293,188.2750257093988,1,1,0
2478,153,2,15,8.465497911059733,253.96493733179202,2,1,0
1878,180,3,19,5.2334788502538245,157.00436550761475,1,1,0
740,103,0,10,8.726739332286954,261.8021799686086,1,1,0
1259,251,0,18,7.6223291903808335,228.669875711425,1,1,0
1383,12,0,3,4.6856038003341265,140.5681140100238,1,1,0
1922,90,1,11,6.487027505221766,194.610825156653,2,1,0
2019,210,1,15,9.181108843677741,275.4332653103322,1,1,0
1797,118,3,11,9.537761390790909,286.13284172372727,2,1,0
995,147,0,17,6.794200733912879,203.82602201738638,1,1,0
1251,207,0,17,6.885021868534441,206.55065605603323,1,1,0
1843,21,0,6,9.510728349635807,285.3218504890742,1,1,0
1563,102,0,5,7.522409344819403,225.67228034458208,2,1,0
2181,100,1,8,4.19708002146063,125.91240064381891,1,1,0
1554,69,1,2,9.476496777274773,284.2949033182432,1,1,0
1863,180,1,16,5.489358656542912,164.68075969628734,2,1,0
1729,110,2,12,7.465791724549283,223.9737517364785,1,1,0
2238,125,1,6,4.993079904567843,149.79239713703527,1,1,0
1696,20,1,1,4.20327496147957,126.0982488443871,1,1,0
2437,88,2,4,5.868839026796545,176.06517080389634,2,1,0
1608,215,0,17,8.682974245276526,260.4892273582958,1,1,0
1600,194,1,13,5.665523035776509,169.96569107329526,2,1,0
1506,163,0,18,5.320583284486583,159.61749853459747,2,1,0
1172,88,0,5,5.2760847060473575,158.28254118142073,1,1,0
1968,39,0,3,7.091042094440875,212.73126283322625,1,1,0
1482,218,0,11,9.853247894096537,295.5974368228961,1,1,0
909,165,0,13,6.753933928102079,202.61801784306238,1,1,0
1679,65,0,4,7.343832213340288,220.31496640020862,2,1,0
1634,154,0,14,9.163792107344404,274.91376322033216,2,1,0
848,139,1,11,7.210418313601952,216.31254940805857,1,1,0
517,132,1,10,5.1067772285131365,153.2033168553941,1,1,0
1457,187,3,19,5.797575470598862,173.92726411796588,1,1,0
883,163,1,18,5.859621557611666,175.78864672835,1,1,0
863,71,0,6,6.383908692745587,191.5172607823676,1,1,0
2198,114,2,15,6.560733432020497,196.8220029606149,1,1,0
1831,148,2,10,8.798692132445616,263.9607639733685,1,1,0
1695,52,3,5,6.096321994295998,182.88965982887993,1,1,0
1336,27,0,5,6.809390970648276,204.28172911944827,1,1,0
2053,129,4,10,7.749855922306313,232.4956776691894,1,1,0
1720,74,2,5,6.266355684641016,187.99067053923048,1,1,0
763,63,0,3,9.019388879753997,270.5816663926199,2,1,0
1491,60,1,6,7.524721625404446,225.74164876213337,1,1,0
1836,61,3,4,5.7642680753258295,172.92804225977488,2,1,0
898,206,1,18,8.28435519873897,248.5306559621691,2,1,0
2360,132,1,9,7.165886380868715,214.97659142606145,1,1,0
201,189,0,17,7.206735347543481,216.20206042630443,2,1,0
841,135,0,13,6.886527690325516,206.59583070976547,1,1,0
2467,166,2,15,6.982071692927494,209.46215078782484,1,1,0
1789,180,1,17,8.592137686397443,257.7641305919233,1,1,0
1054,107,0,13,4.617888875987893,138.5366662796368,1,1,0
1959,221,1,16,6.006176867862893,180.18530603588678,1,1,0
1861,115,0,4,4.453020182823336,133.59060548470006,1,1,0
1353,101,0,5,8.519477324484704,255.5843197345411,1,1,0
1276,52,0,5,5.633811128321796,169.0143338496539,1,1,0
1907,123,0,9,9.384582458913306,281.53747376739915,1,1,0
1895,210,1,17,7.159470799955763,214.7841239986729,2,1,0
1933,105,4,13,8.804498628916726,264.1349588675018,1,1,0
1639,123,2,2,9.873588613695768,296.207658410873,1,1,0
2494,69,1,13,9.038733156739424,271.1619947021827,2,1,0
1035,210,0,19,9.201962560069141,276.0588768020742,1,1,0
402,112,0,3,6.4479069721890685,193.43720916567204,1,1,0
322,110,1,10,7.310335571556038,219.31006714668115,1,1,0
600,44,1,2,5.5233313842598255,165.69994152779478,1,1,0
966,160,0,13,5.176678598160716,155.30035794482149,2,1,0
493,256,0,19,7.0330472746362025,210.99141823908607,1,1,0
397,154,0,17,7.5702938782025235,227.1088163460757,2,1,0
2130,120,2,14,6.0356274753771455,181.06882426131438,1,1,0
2391,119,2,12,7.416661106581002,222.49983319743006,1,1,0
808,63,0,12,9.324762895081017,279.7428868524305,1,1,0
1347,153,0,11,7.340329508700196,220.2098852610059,1,1,0
386,65,0,7,8.32487857786304,249.74635733589116,1,1,0
1994,58,1,4,8.83188980414743,264.9566941244229,2,1,0
859,223,1,19,9.932372691732656,297.97118075197966,2,1,0
2155,27,1,1,7.619184413061878,228.57553239185634,1,1,0
1569,89,1,3,8.841100893775517,265.2330268132655,2,1,0
2186,92,0,13,9.775895911329249,293.27687733987744,2,1,0
1734,193,1,15,9.666458353463641,289.99375060390923,1,1,0
346,59,0,2,4.846491092666281,145.39473277998843,1,1,0
1934,119,1,11,6.438353849641132,193.15061548923396,1,1,0
2043,67,0,4,5.943940366640797,178.3182109992239,1,1,0
688,130,0,19,4.521550089702096,135.6465026910629,1,1,0
2159,175,1,17,7.799444649465763,233.98333948397288,1,1,0
1863,58,2,3,8.415427679176014,252.46283037528042,2,1,0
840,128,1,18,9.088768572801301,272.663057184039,1,1,0
2002,72,1,8,4.736661337976251,142.09984013928755,1,1,0
2169,181,1,19,9.258664455251763,277.7599336575529,2,1,0
2398,45,0,5,7.85755338168552,235.7266014505656,2,1,0
1638,4,3,7,8.223676810831057,246.7103043249317,1,1,0
1834,147,2,8,9.463744021241823,283.91232063725465,2,1,0
462,64,0,5,7.748567626259506,232.4570287877852,1,1,0
1987,80,1,17,6.01519514289901,180.4558542869703,1,1,0
2391,165,2,5,8.950643988535958,268.5193196560788,1,1,0
823,111,0,4,6.178355273170543,185.3506581951163,1,1,0
1216,178,2,19,4.205368664923174,126.16105994769524,1,1,0
1080,17,1,2,8.9839270393915,269.517811181745,1,1,0
2249,139,1,11,6.071152869287653,182.13458607862958,1,1,0
1527,152,2,13,8.643007139208041,259.29021417624125,1,1,0
652,181,2,15,6.176547367995672,185.29642103987018,1,1,0
1383,112,4,12,9.16640811984833,274.99224359544985,2,1,1
2256,161,0,11,5.317063150485752,159.51189451457256,1,1,0
1882,72,1,7,9.84728359119322,295.4185077357966,1,1,0
2455,112,3,5,8.678552648728186,260.35657946184557,1,1,0
1354,144,2,17,4.685427555522381,140.56282666567142,1,1,0
603,207,0,9,7.394659719799363,221.8397915939809,1,1,0
2399,179,2,14,9.912203873450409,297.36611620351226,2,1,0
2301,246,1,12,6.826392716162887,204.7917814848866,1,1,0
1896,131,4,6,5.092642832929499,152.77928498788498,1,1,0
827,158,3,17,6.908670202902077,207.26010608706233,1,1,0
786,215,0,19,7.07474593529153,212.24237805874589,1,1,0
1848,223,1,19,8.450121665371993,253.5036499611598,1,1,0
1643,172,0,16,8.193075118965426,245.7922535689628,1,1,0
1645,151,0,12,6.4153002615818835,192.45900784745652,1,1,0
303,171,3,12,5.308138644964519,159.24415934893557,1,1,0
453,38,0,6,7.8703250066159764,236.1097501984793,1,1,0
1696,19,0,4,6.530223607319691,195.9067082195907,1,1,0
298,46,0,6,4.793657266751982,143.80971800255946,2,1,0
2400,123,0,11,9.403433807418313,282.1030142225494,2,1,0
2084,29,0,1,8.147331145657926,244.41993436973777,2,1,0
2119,120,2,15,8.099103138672888,242.97309416018663,1,1,0
1077,149,0,11,8.935503255470044,268.0650976641013,1,1,0
537,193,0,19,7.177970071930487,215.3391021579146,1,1,0
1156,180,0,18,8.890326570414743,266.7097971124423,1,1,0
1904,165,2,17,6.988544521066034,209.65633563198102,1,1,0
360,166,0,19,4.4030523994942605,132.09157198482782,1,1,0
1803,108,0,14,6.431488528166133,192.944655844984,1,1,0
597,216,1,18,6.984789363879344,209.5436809163803,2,1,0
1500,158,1,19,8.321215489793774,249.63646469381322,1,1,0
1015,163,1,15,4.639472380772046,139.1841714231614,1,1,0
1727,221,1,15,4.840111231962694,145.2033369588808,1,1,0
2119,53,1,4,5.582102815807699,167.46308447423095,2,1,0
1615,129,1,7,5.598990360225294,167.96971080675883,1,1,0
1358,161,1,13,8.393107470754375,251.79322412263124,1,1,0
1418,71,1,3,5.504383963369587,165.1315189010876,1,1,0
600,180,1,16,7.798588380144685,233.95765140434057,1,1,0
839,108,2,9,6.965643100829628,208.96929302488886,1,1,0
659,100,1,8,7.439766269076404,223.19298807229214,2,1,0
1154,122,2,13,9.028641779069774,270.85925337209324,1,1,0
669,177,2,17,6.426289009294146,192.78867027882436,1,1,0
1245,147,1,17,8.625468262385622,258.76404787156866,1,1,0
1893,216,2,17,6.532216357304124,195.96649071912373,1,1,0
2285,0,0,1,6.1232282593674965,183.6968477810249,1,1,0
2477,118,1,8,9.751763063879324,292.55289191637974,1,1,0
762,200,1,19,5.106225524073779,153.18676572221338,1,1,0
1999,92,1,6,4.542021763465647,136.26065290396943,1,1,0
2274,94,0,3,8.62591555321287,258.7774665963861,1,1,0
425,58,0,5,4.40949823212455,132.2849469637365,1,1,0
997,144,0,13,9.022473944218177,270.6742183265453,1,1,0
1159,91,2,15,6.623160378143461,198.69481134430382,2,1,0
1704,145,4,14,9.493082063751483,284.7924619125445,1,1,0
652,192,0,16,8.329197166731433,249.87591500194299,1,1,0
1015,125,1,18,7.662428002047745,229.87284006143236,2,1,0
858,129,1,11,9.695840782346593,290.8752234703978,1,1,0
746,26,0,3,6.379896238312326,191.39688714936977,2,1,0
1415,105,0,10,9.724521619237798,291.73564857713393,1,1,0
216,90,1,10,4.810007664527242,144.30022993581724,2,1,0
1443,108,0,16,6.9025296515944765,207.0758895478343,1,1,0
2405,151,2,12,5.619467334353169,168.58402003059507,1,1,0
1269,54,2,2,7.239056673449161,217.17170020347484,1,1,0
2346,136,2,9,4.9720832673495075,149.16249802048523,2,1,0
1968,85,0,3,9.049177961860261,271.4753388558078,2,1,0
1260,199,0,15,9.078447095887343,272.35341287662027,1,1,0
501,64,1,3,9.731417876340874,291.9425362902262,1,1,0
380,242,2,19,4.928032845299417,147.84098535898252,2,1,0
806,134,0,18,7.739995305429945,232.19985916289835,1,1,0
899,130,0,8,6.8454238522022175,205.36271556606653,2,1,0
1192,189,1,17,6.066302392265399,181.98907176796197,2,1,1
1339,113,2,8,6.109240966805313,183.27722900415938,1,1,0
390,103,0,7,6.476761303640513,194.3028391092154,1,1,0
1180,52,1,7,8.229553298133718,246.88659894401152,1,1,0
2206,6,0,3,7.589716349608928,227.69149048826785,1,1,0
1384,111,1,1,6.758089076566787,202.7426722970036,2,1,0
327,60,1,4,4.455600462217733,133.668013866532,1,1,0
2265,67,1,5,4.466592064473742,133.99776193421226,2,1,0
2016,0,1,1,4.01403634375467,120.4210903126401,1,1,0
1958,90,0,15,9.80619632924252,294.1858898772756,2,1,0
769,66,0,5,4.03152291135031,120.9456873405093,1,1,0
1546,120,0,13,4.618562476082469,138.55687428247407,1,1,0
2095,94,0,8,5.887579340856465,176.62738022569397,1,1,0
825,102,1,8,8.844581510900568,265.337445327017,2,1,0
1886,169,0,5,9.772592714584706,293.17778143754117,1,1,0
354,93,1,9,8.740081352751137,262.2024405825341,2,1,0
1609,101,0,1,8.143361394673843,244.30084184021527,1,1,0
984,127,0,4,7.127804004481416,213.8341201344425,1,1,0
445,89,1,3,4.520231271173102,135.60693813519305,1,1,0
1700,46,2,2,9.749024758023582,292.47074274070746,1,1,0
1905,44,1,8,8.550354483674088,256.51063451022264,1,1,0
737,121,0,9,7.833696312005571,235.01088936016714,2,1,0
2090,101,3,2,8.554215073233099,256.62645219699294,2,1,0
2041,221,2,14,8.344619975638832,250.33859926916494,2,1,0
1120,104,0,14,7.823389478736921,234.70168436210764,2,1,0
724,52,0,4,9.883460801079929,296.50382403239786,1,1,0
1729,40,0,6,9.420182875816149,282.60548627448446,1,1,0
235,97,1,11,7.879989514702981,236.39968544108942,1,1,0
884,85,1,3,8.159051268741548,244.77153806224644,2,1,0
219,71,1,8,4.30957483995226,129.2872451985678,1,1,0
599,21,0,3,8.019504787300235,240.58514361900706,1,1,0
1171,173,0,14,4.264992626260601,127.94977878781803,1,1,0
2106,157,1,13,7.529582541819586,225.88747625458757,1,1,0
1366,158,2,13,9.996120997395009,299.8836299218503,2,1,0
1315,19,0,2,7.334839488623078,220.04518465869234,2,1,0
1033,185,0,13,6.839260708488,205.17782125464,1,1,0
2023,197,3,19,5.877129139033525,176.31387417100575,2,1,0
2182,178,1,6,4.723135472718787,141.69406418156362,1,1,0
1053,169,1,16,8.38614202874969,251.5842608624907,1,1,0
250,0,0,2,5.155594166713783,154.6678250014135,1,1,0
774,3,1,8,4.691692127483706,140.75076382451118,1,1,0
1348,195,1,17,6.530575958383075,195.91727875149223,1,1,0
2397,103,1,2,8.772051027754584,263.16153083263754,2,1,0
1915,93,3,10,8.470387288721323,254.11161866163968,1,1,0
881,247,1,16,4.329295687878849,129.87887063636546,2,1,0
1037,149,1,6,6.730862110216936,201.9258633065081,1,1,0
1277,54,0,2,7.134607456427013,214.0382236928104,1,1,0
1795,82,3,2,7.867279903754933,236.018397112648,1,1,0
204,169,0,13,7.901004102659369,237.03012307978108,1,1,1
1326,230,1,15,6.188183496743835,185.64550490231505,1,1,0
1419,78,1,2,7.3640631640210845,220.92189492063252,2,1,0
973,93,0,7,6.886371303064519,206.59113909193556,1,1,0
1076,90,2,3,9.309990139139686,279.29970417419054,1,1,0
1191,120,1,8,7.1815907958094005,215.44772387428202,1,1,0
246,183,1,14,6.64619297048897,199.3857891146691,1,1,0
468,33,2,7,6.426912698091105,192.80738094273315,1,1,0
569,103,1,7,7.434566556600794,223.0369966980238,1,1,0
835,56,0,1,8.823861876405386,264.7158562921616,1,1,0
1329,168,1,17,7.2304089422847255,216.91226826854177,1,1,0
1893,133,0,9,7.969931050483249,239.09793151449745,1,1,0
1882,215,1,13,8.42713460143915,252.8140380431745,1,1,0
856,192,1,19,7.121008659272391,213.63025977817173,1,1,0
319,214,1,19,6.560902339929186,196.82707019787557,1,1,0
1030,230,0,17,9.259992267174697,277.7997680152409,2,1,0
2010,121,1,10,6.505036504167353,195.1510951250206,1,1,0
1281,74,0,10,6.771657103453526,203.1497131036058,1,1,0
2174,91,1,4,9.942047880050662,298.26143640151986,1,1,0
1569,5,0,8,4.001425141455307,120.04275424365922,2,1,0
940,82,0,18,5.112837457460335,153.38512372381007,1,1,0
316,165,2,14,6.303783339518354,189.1135001855506,1,1,0
2053,95,3,18,9.595539456551517,287.86618369654553,2,1,0
1350,99,2,14,4.420178234484826,132.6053470345448,1,1,0
2131,144,2,15,4.056912601770988,121.70737805312964,1,1,0
1212,38,1,4,4.316103015863371,129.48309047590112,1,1,0
1864,133,1,13,4.531260463681709,135.93781391045127,1,1,0
1281,148,2,8,4.225580639237565,126.76741917712695,2,1,0
833,188,1,18,6.878687961139029,206.36063883417086,2,1,0
712,97,1,12,7.484543243363966,224.536297300919,1,1,0
1319,201,1,14,5.630121826414024,168.90365479242072,1,1,0
1341,0,1,2,6.389724303853813,191.6917291156144,1,1,0
759,202,4,18,4.55019601066858,136.5058803200574,1,1,0
687,0,0,2,6.018222782970533,180.546683489116,2,1,0
1096,128,0,11,7.135115149807138,214.05345449421415,1,1,0
1412,94,1,9,8.393630843107871,251.80892529323614,1,1,0
903,174,1,12,4.020078172257875,120.60234516773626,2,1,0
1670,209,3,17,6.803864599225916,204.11593797677747,1,1,0
780,126,0,15,5.782017258729294,173.4605177618788,1,1,0
2494,144,2,17,9.116930930151408,273.50792790454227,1,1,0
353,161,0,18,8.293319891405451,248.79959674216354,2,1,0
1879,168,3,6,7.5346512068253695,226.03953620476108,1,1,0
1196,230,0,17,5.663593874180641,169.90781622541925,1,1,0
1443,140,1,18,9.462034612345207,283.8610383703562,1,1,0
1292,126,0,8,4.270604063321939,128.11812189965818,1,1,0
1208,32,0,9,4.656805592074691,139.70416776224073,2,1,0
2341,65,1,6,6.3497808432421365,190.49342529726408,2,1,0
1973,32,0,5,4.7466253437811385,142.39876031343417,1,1,0
1157,168,0,12,9.73849418535655,292.1548255606965,1,1,0
652,66,0,11,8.7879359328603,263.638077985809,1,1,0
1427,60,1,1,5.5538959096108815,166.61687728832644,1,1,0
2465,123,1,11,7.531325373839472,225.93976121518415,1,1,0
750,174,0,19,9.89398309048049,296.81949271441465,2,1,0
1835,178,2,9,9.305193868789019,279.15581606367056,1,1,0
1512,116,0,2,7.604790678653188,228.14372035959565,1,1,0
1957,125,1,12,9.422343803051623,282.6703140915487,1,1,0
556,48,0,4,9.935109458880154,298.0532837664046,2,1,0
2270,11,2,4,8.460116937361745,253.80350812085234,2,1,0
1985,183,2,18,4.389918456897364,131.69755370692093,2,1,0
1981,228,0,15,6.409481418552925,192.28444255658775,1,1,0
1831,176,0,19,9.026954411699473,270.80863235098417,1,1,0
1215,168,1,13,5.383415174830114,161.50245524490342,2,1,0
1548,146,4,19,8.983855106503748,269.51565319511246,1,1,0
715,148,0,17,4.722032572209976,141.6609771662993,1,1,0
535,96,0,6,4.281672142886878,128.45016428660634,2,1,0
1982,162,0,16,6.304543668947497,189.1363100684249,2,1,0
696,163,1,12,4.2203916245596815,126.61174873679045,1,1,0
1095,157,0,19,9.743621577899955,292.30864733699866,1,1,0
2407,10,2,5,8.957234174763794,268.71702524291385,1,1,0
1051,210,0,17,8.80461812277925,264.13854368337746,1,1,0
1887,0,0,1,7.778667537976919,233.36002613930756,1,1,0
2131,140,2,10,5.2979441382193215,158.93832414657965,2,1,0
1768,168,0,15,7.109562200058353,213.2868660017506,2,1,0
1156,51,0,11,7.583644434582046,227.5093330374614,2,1,0
1836,175,0,13,7.150189005161609,214.50567015484827,1,1,0
1491,57,2,5,5.5614002077091635,166.8420062312749,2,1,0
1640,45,1,1,7.091487545888356,212.74462637665067,2,1,0
1391,121,2,12,6.947118045211759,208.41354135635277,1,1,0
1266,187,1,11,9.978014654840345,299.3404396452104,2,1,0
484,219,0,17,9.384616888277224,281.5385066483167,2,1,0
211,0,0,4,6.780284489293719,203.40853467881158,1,1,0
1830,245,1,15,7.737624297610712,232.12872892832138,1,1,0
953,84,2,9,8.487229624553372,254.61688873660114,1,1,0
2282,271,1,19,4.20919096140295,126.27572884208848,1,1,0
289,171,0,19,9.369528647367039,281.08585942101115,1,1,0
975,112,0,12,9.160760898507542,274.8228269552263,2,1,0
1825,70,2,5,6.744592586642244,202.33777759926733,1,1,0
617,98,1,10,6.347018596482279,190.41055789446835,1,1,0
314,266,0,17,5.637756249137889,169.13268747413667,1,1,0
816,66,0,5,6.860060969982211,205.80182909946632,1,1,0
1025,145,0,16,4.26625998119942,127.98779943598261,1,1,0
1849,89,0,7,9.113161200082047,273.3948360024614,1,1,0
1716,63,0,9,4.21253421051127,126.37602631533811,1,1,0
612,117,0,3,5.974308192219226,179.22924576657678,1,1,0
928,96,1,15,9.58953692991394,287.6861078974182,1,1,0
875,138,1,16,8.411275927140716,252.33827781422147,1,1,0
2092,216,1,18,5.68834576346516,170.6503729039548,2,1,0
2439,153,2,14,5.51589456376531,165.4768369129593,1,1,0
1322,75,0,3,4.030492838908156,120.91478516724467,2,1,0
1771,192,1,12,8.1742857570985,245.228572712955,1,1,0
1177,142,0,9,4.292701490039039,128.78104470117117,1,1,0
1208,91,0,7,7.195615116404572,215.86845349213718,2,1,0
2343,185,0,9,9.7727318355523,293.181955066569,1,1,0
1887,113,1,13,4.656813160326723,139.7043948098017,1,1,0
236,179,2,18,9.366879585808405,281.00638757425213,1,1,0
1748,78,2,5,9.948852010870288,298.46556032610863,1,1,0
2464,149,4,13,4.36910215743541,131.07306472306232,1,1,0
1072,19,0,4,9.297437614824767,278.92312844474304,1,1,0
2021,0,1,2,7.0964741226617,212.894223679851,1,1,0
1496,179,1,16,9.43908231666748,283.1724695000244,1,1,0
2309,76,0,9,7.427913651517445,222.83740954552334,1,1,0
795,178,0,9,7.972672060639388,239.18016181918165,2,1,0
2103,75,0,6,7.262673447984396,217.88020343953187,2,1,0
928,112,1,11,9.18695728184409,275.60871845532273,1,1,0
1565,91,2,1,8.403459513722211,252.10378541166634,2,1,0
596,83,1,4,7.12756187308249,213.8268561924747,1,1,0
898,131,1,13,9.208964824309282,276.2689447292785,1,1,0
2424,118,2,13,5.471713193532008,164.15139580596022,1,1,0
1835,280,0,13,4.944043958215156,148.32131874645466,2,1,0
595,60,0,2,4.962400631980433,148.872018959413,1,1,0
275,145,0,9,6.0040532724714275,180.12159817414283,1,1,0
464,58,1,8,5.432140187806105,162.96420563418314,1,1,0
2019,72,2,7,9.580542103058432,287.41626309175297,2,1,0
917,146,0,4,4.635004562971504,139.05013688914514,2,1,0
1050,234,1,18,8.193944428237526,245.81833284712576,2,1,0
1590,77,1,3,5.135329238710035,154.05987716130107,1,1,0
343,62,0,6,9.2898227966221,278.694683898663,1,1,0
1084,116,0,12,9.767891729109444,293.0367518732833,1,1,0
595,103,1,12,6.792820052619901,203.78460157859703,1,1,0
1692,52,1,8,9.27442888136879,278.2328664410637,1,1,0
1367,79,1,1,4.030871024528288,120.92613073584864,1,1,0
1262,83,0,4,8.9196815044486,267.59044513345805,2,1,0
2356,157,2,11,5.3717509691495415,161.15252907448624,2,1,0
1265,50,2,3,9.452207855616207,283.56623566848623,2,1,0
1409,144,0,13,4.006720668880657,120.20162006641971,2,1,0
833,153,1,17,7.337090410238542,220.11271230715624,1,1,0
1356,80,0,10,8.539814822709609,256.19444468128825,1,1,0
1438,202,2,12,5.552129984187448,166.56389952562344,2,1,0
932,164,2,15,5.158797187523758,154.76391562571274,1,1,0
434,130,0,10,4.504589346807908,135.13768040423724,2,1,0
950,175,0,14,5.958601459019758,178.75804377059274,1,1,0
1153,149,2,13,7.359065873852977,220.7719762155893,1,1,0
1742,89,2,5,4.695063140681546,140.85189422044638,1,1,0
1397,34,0,6,6.260172171920793,187.80516515762378,2,1,0
1876,10,0,2,4.05443442791635,121.6330328374905,2,1,0
1391,128,0,17,8.912076522999051,267.3622956899715,1,1,0
2417,91,1,4,4.770692308559148,143.12076925677445,2,1,0
1616,149,1,14,5.700057689593489,171.00173068780467,1,1,0
1417,74,0,10,4.110566312429305,123.31698937287915,1,1,0
1740,82,1,3,6.593444703355074,197.8033411006522,1,1,0
2276,75,0,3,9.040729016447312,271.2218704934194,1,1,0
1645,122,0,15,6.35290726867118,190.5872180601354,1,1,0
1719,81,1,6,5.076983940543,152.30951821629,2,1,0
1588,187,0,17,8.522193004303116,255.66579012909347,2,1,0
2056,96,1,12,8.732841891224465,261.98525673673396,1,1,0
1565,145,1,11,5.042520851845401,151.27562555536204,1,1,0
699,74,0,4,8.625124651245939,258.7537395373782,2,1,0
1880,38,0,6,9.683787329538028,290.5136198861408,2,1,0
710,46,0,1,4.998265521593634,149.947965647809,2,1,0
416,172,0,16,8.625905755192813,258.7771726557844,1,1,0
1524,124,0,15,8.251432027615776,247.54296082847327,1,1,0
1355,149,1,17,6.841443330610531,205.24329991831593,1,1,0
2027,63,2,8,4.3475227633527895,130.4256829005837,1,1,0
2010,108,0,12,4.448166506547124,133.44499519641371,1,1,0
1405,114,1,10,9.114487955191887,273.4346386557566,2,1,0
2414,128,0,15,9.940890236503883,298.22670709511647,1,1,1
290,47,1,9,8.056313543120527,241.68940629361583,1,1,0
913,18,0,2,6.675749842061929,200.27249526185787,1,1,0
2081,53,0,5,7.885441860411445,236.56325581234336,1,1,0
238,110,0,6,7.566375155371272,226.99125466113816,1,1,0
372,109,0,7,6.301673562433731,189.05020687301192,1,1,0
852,76,1,1,4.393756867444077,131.8127060233223,1,1,0
953,61,1,7,8.929077684444646,267.8723305333394,2,1,0
1443,146,3,12,6.231001175432348,186.93003526297042,2,1,0
1281,61,0,16,8.912713860142562,267.38141580427686,1,1,0
1883,175,0,16,5.515052498130293,165.4515749439088,1,1,0
655,152,2,11,4.0061768790738,120.18530637221401,2,1,0
1028,47,0,4,4.953629699660539,148.60889098981616,1,1,0
1094,145,0,13,6.811236500611506,204.3370950183452,1,1,0
1584,30,1,7,9.66582180974698,289.9746542924094,2,1,0
2158,39,2,4,4.6131617181623135,138.3948515448694,1,1,0
2196,185,1,15,9.125258646769396,273.7577594030819,1,1,0
389,202,0,19,7.162144577271173,214.86433731813517,1,1,0
704,85,0,9,8.95552459479938,268.6657378439814,1,1,0
1414,150,0,11,5.790246585939956,173.70739757819868,1,1,0
1731,104,1,8,9.039682988034832,271.19048964104496,2,1,0
1023,17,0,1,8.636936680100828,259.1081004030248,1,1,0
1128,96,2,8,5.3803220981886035,161.4096629456581,1,1,0
1133,120,1,13,4.788010758456268,143.64032275368805,2,1,0
1340,24,2,4,9.208325935193757,276.2497780558127,1,1,0
333,144,0,8,9.779419920640791,293.3825976192237,1,1,0
2305,36,1,3,4.187813882485098,125.63441647455294,2,1,0
884,68,0,9,8.387620401842113,251.6286120552634,1,1,0
2420,0,1,2,9.457147065686911,283.71441197060733,2,1,0
2052,0,0,2,9.144160552554991,274.32481657664977,2,1,0
1014,172,2,13,9.78712283362125,293.6136850086375,1,1,0
1372,181,0,15,8.560564470628583,256.8169341188575,1,1,0
279,173,0,12,6.653792574285461,199.61377722856383,2,1,0
402,56,0,4,5.871711942970783,176.1513582891235,1,1,0
1452,81,0,8,5.924456442628765,177.73369327886294,2,1,0
1899,86,1,9,8.346536035684702,250.39608107054104,1,1,0
1450,53,0,5,8.475022072185785,254.25066216557357,1,1,0
1882,218,0,18,5.202154861292276,156.06464583876829,1,1,0
1755,136,4,11,9.208736880943185,276.26210642829557,2,1,0
2294,165,0,15,8.289544241213486,248.68632723640457,2,1,0
1456,89,1,9,7.376501718060296,221.29505154180887,1,1,0
1749,223,1,17,6.829194760615076,204.87584281845227,1,1,0
1366,49,0,12,7.259396834739749,217.78190504219248,2,1,0
1596,42,1,7,4.955474429675586,148.66423289026758,1,1,0
670,130,1,10,5.222207495657646,156.66622486972938,1,1,0
1235,185,1,10,4.54698694243715,136.40960827311451,1,1,0
1553,124,0,13,4.921948228966676,147.6584468690003,1,1,0
1167,148,0,19,6.7221618076316965,201.6648542289509,2,1,0
557,158,0,11,7.182126362369536,215.4637908710861,1,1,0
867,146,0,13,4.107171354869916,123.21514064609747,1,1,0
572,145,0,8,8.780786967184165,263.42360901552496,1,1,0
1231,42,0,8,5.765007840060868,172.95023520182605,2,1,0
1345,110,0,4,9.471016209759465,284.130486292784,1,1,0
1571,88,0,15,9.805067581682666,294.15202745048,1,1,0
289,106,0,11,5.112753248059926,153.38259744179777,1,1,0
739,134,0,11,6.772583744593964,203.17751233781894,2,1,0
1068,50,1,1,4.007391010998555,120.22173032995666,1,1,0
240,208,0,17,7.589963590734562,227.69890772203686,1,1,0
939,76,0,15,7.643838689576027,229.3151606872808,1,1,0
2146,98,3,6,5.485239733620251,164.55719200860753,1,1,0
1424,202,1,15,7.350476035499188,220.51428106497565,1,1,0
1128,109,1,9,5.353240854662412,160.59722563987236,2,1,0
2236,96,0,14,4.96495281446914,148.9485844340742,1,1,0
1124,214,0,18,7.909116800813588,237.27350402440763,2,1,0
1781,155,3,17,5.95555278371245,178.6665835113735,1,1,0
589,141,0,18,7.541583633313735,226.24750899941205,2,1,0
1817,31,0,5,6.599480493829933,197.984414814898,1,1,0
455,94,0,9,9.906108444417423,297.1832533325227,1,1,0
908,130,1,11,4.897483856005395,146.92451568016185,2,1,0
2038,0,0,1,6.787591579814861,203.62774739444583,2,1,0
2144,136,1,18,8.082739758155952,242.48219274467857,1,1,0
209,55,1,6,6.373270503279812,191.19811509839437,1,1,0
997,7,0,2,9.848199111224138,295.44597333672414,2,1,0
1076,151,0,15,8.33132576756161,249.93977302684831,1,1,0
1228,156,0,14,7.941903145386958,238.25709436160875,2,1,0
1215,78,0,5,8.542355605667339,256.27066817002014,2,1,0
2024,102,3,6,9.715891828232301,291.476754846969,1,1,0
573,144,0,6,9.44691191790784,283.4073575372352,1,1,0
2393,190,0,18,8.345711848758471,250.37135546275414,1,1,0
423,173,0,14,8.494969834607698,254.84909503823093,1,1,0
1462,98,1,10,4.875532444210872,146.26597332632616,1,1,0
2424,179,0,14,4.616754426955994,138.50263280867983,2,1,0
2002,115,0,13,7.425427011064986,222.7628103319496,1,1,0
1052,75,1,3,4.11020582164324,123.3061746492972,2,1,0
262,23,0,6,6.8941382893095495,206.82414867928648,1,1,0
1440,105,1,8,5.262097479513212,157.86292438539635,1,1,0
888,86,0,12,6.076099405869037,182.28298217607113,1,1,0
1684,171,0,13,8.654828414757736,259.6448524427321,1,1,0
1833,163,2,11,9.64742502539432,289.4227507618296,1,1,0
2352,122,3,12,4.434497632878049,133.03492898634147,1,1,0
710,124,1,1,7.205453235858671,216.16359707576012,2,1,0
584,154,0,17,9.2952009149176,278.85602744752805,1,1,0
604,98,1,16,4.495051206642527,134.8515361992758,1,1,0
717,86,0,11,8.947084281381002,268.4125284414301,1,1,0
675,92,0,13,6.146808105569628,184.40424316708882,1,1,0
2200,189,0,18,5.932568213316012,177.97704639948034,1,1,0
1868,68,0,11,9.864798317888715,295.9439495366614,1,1,0
2093,114,2,12,5.2051545391737655,156.15463617521297,1,1,0
1660,95,1,6,8.159163644936086,244.7749093480826,1,1,0
913,107,0,9,8.9286443680592,267.859331041776,1,1,0
282,162,1,16,4.24710097167563,127.41302915026891,2,1,0
1368,77,2,4,8.022312750126474,240.66938250379422,1,1,0
2101,39,0,3,9.709299846131962,291.2789953839589,1,1,0
2248,98,1,16,4.745319800368356,142.3595940110507,1,1,0
250,115,1,12,9.37732781611023,281.31983448330686,1,1,0
884,136,0,11,7.5686598242616165,227.0597947278485,2,1,0
916,79,3,5,7.699627491174844,230.98882473524532,1,1,0
1669,189,0,18,7.677665049193635,230.32995147580905,1,1,0
648,158,0,19,5.793015318023883,173.79045954071648,1,1,0
1080,117,0,6,9.611210891796759,288.33632675390277,1,1,0
687,71,0,18,9.684102775786233,290.52308327358696,1,1,0
2023,93,2,6,7.751827961283687,232.55483883851062,1,1,0
2281,125,2,4,8.700536355649689,261.01609066949067,2,1,0
2342,190,1,12,7.673547915286948,230.20643745860843,1,1,0
1774,172,0,19,6.906390685444244,207.1917205633273,1,1,0
2401,0,1,2,7.964920709795504,238.94762129386513,1,1,0
449,225,1,17,7.31800871555175,219.5402614665525,1,1,0
873,120,1,11,7.5848551757915805,227.54565527374743,1,1,0
637,111,0,11,8.702995320513171,261.08985961539514,2,1,0
2365,122,0,16,6.885422988693909,206.56268966081728,2,1,0
970,1,1,2,4.244524636554837,127.3357390966451,1,1,0
467,73,1,2,4.983996885936984,149.5199065781095,2,1,0
2184,135,3,8,6.63164329893723,198.9492989681169,2,1,0
1277,152,2,13,8.34895935924435,250.46878077733052,2,1,0
435,84,1,10,7.559671889861073,226.79015669583217,1,1,0
588,51,0,8,7.901765115240723,237.0529534572217,2,1,0
962,4,0,4,6.875673571457724,206.2702071437317,1,1,0
2048,132,1,15,7.694452131653457,230.8335639496037,2,1,0
823,2,1,1,5.974104626887973,179.22313880663918,1,1,0
1452,59,2,11,6.821095556179991,204.63286668539973,1,1,0
777,127,3,7,8.465674393569733,253.970231807092,2,1,0
2322,123,2,17,9.230996673838726,276.9299002151618,1,1,0
634,218,1,18,6.601932003738334,198.05796011215,2,1,0
2350,146,1,12,4.261969946244167,127.85909838732502,2,1,0
963,118,1,9,4.970035264880816,149.10105794642448,1,1,0
1529,141,1,5,4.125166835749228,123.75500507247685,1,1,0
2345,58,0,10,7.919578115423981,237.58734346271945,1,1,0
1558,101,1,4,5.993887752130654,179.8166325639196,1,1,0
646,68,2,5,7.254871814316205,217.64615442948616,1,1,0
2217,212,0,10,6.959661080702798,208.78983242108393,2,1,0
1531,102,0,11,4.48915893731456,134.6747681194368,1,1,0
448,98,2,10,6.419568166742991,192.58704500228973,1,1,0
365,111,0,8,5.32336674953394,159.70100248601818,2,1,0
1558,37,0,2,6.510398732005916,195.31196196017748,1,1,0
1219,73,2,8,5.221469682053456,156.6440904616037,1,1,0
741,119,0,16,9.042714437661601,271.28143312984804,2,1,0
958,133,1,5,5.045160019469522,151.35480058408567,1,1,0
2328,12,1,3,9.764683308921862,292.94049926765587,2,1,1
2380,134,0,12,6.495444196881644,194.86332590644932,2,1,0
996,176,0,13,9.077471752114295,272.32415256342887,2,1,0
337,188,2,13,7.772588909235671,233.17766727707013,1,1,0
2431,100,3,10,8.412101791994516,252.36305375983548,1,1,0
1553,63,2,4,8.606343328400682,258.1902998520205,1,1,0
2075,90,1,9,7.029069291358107,210.8720787407432,2,1,0
268,0,0,2,7.259803140179731,217.79409420539193,2,1,0
2300,203,0,19,7.08397520685235,212.5192562055705,1,1,0
1673,49,2,1,7.528350268540475,225.85050805621424,1,1,0
404,143,0,7,4.176366674539044,125.29100023617131,1,1,0
2373,133,0,17,6.373091019094091,191.19273057282274,1,1,0
242,102,1,3,7.6371322813670295,229.11396844101088,2,1,0
2106,100,0,3,7.586341391535186,227.59024174605557,1,1,0
2358,60,1,3,8.757736567633788,262.73209702901363,2,1,0
960,84,1,17,7.930056032992651,237.90168098977952,2,1,0
2342,75,2,7,9.952799898044034,298.58399694132106,1,1,0
2194,223,2,14,5.70312717165187,171.0938151495561,1,1,0
2135,182,1,17,6.154906177997389,184.64718533992166,1,1,0
1099,206,1,18,6.303082911206777,189.09248733620333,1,1,0
559,135,1,13,6.794876842121491,203.84630526364472,2,1,0
1919,180,3,18,9.015988382687256,270.4796514806177,2,1,0
480,0,0,4,5.414752563755259,162.44257691265778,2,1,0
2087,74,1,1,8.656001242212577,259.6800372663773,1,1,0
866,217,0,18,6.43186109851446,192.9558329554338,1,1,0
292,0,0,1,7.611132301972051,228.33396905916155,2,1,0
871,131,1,13,7.795243199357836,233.85729598073507,1,1,0
2169,97,0,10,6.237091823133607,187.1127546940082,1,1,0
260,134,0,11,7.075691231234831,212.27073693704494,1,1,0
1228,90,2,9,6.478187047886182,194.34561143658547,1,1,0
1689,149,2,9,4.414796717119716,132.4439015135915,1,1,0
803,72,0,5,6.622992332900959,198.68976998702877,1,1,0
881,0,0,1,4.584360355321313,137.5308106596394,2,1,0
1628,193,2,17,6.430124794481929,192.90374383445788,1,1,0
2480,90,1,2,7.557510398990691,226.72531196972074,1,1,0
723,92,1,13,7.476489396061004,224.29468188183014,1,1,0
2168,128,2,9,7.9757276740499226,239.27183022149768,2,1,0
1301,140,1,4,4.571569047727758,137.14707143183273,1,1,0
1953,94,4,5,7.9127394731826275,237.38218419547883,1,1,0
2036,188,5,11,5.872888340178682,176.18665020536048,1,1,0
2496,174,2,19,6.394275676822667,191.82827030468,2,1,0
2294,63,2,3,9.147917523536234,274.43752570608706,1,1,0
1344,117,0,12,4.054182424777301,121.62547274331904,2,1,0
2461,176,2,19,7.530475800043632,225.91427400130897,2,1,0
2486,181,1,19,7.592283880600645,227.76851641801935,1,1,0
1279,73,1,13,6.379958658061372,191.39875974184116,2,1,0
306,72,0,7,5.422167142650017,162.66501427950053,1,1,0
247,203,0,15,5.408044229569306,162.2413268870792,2,1,0
536,47,0,7,9.302258017964515,279.0677405389355,1,1,0
1249,56,1,8,6.652146242697145,199.56438728091436,2,1,0
1480,72,0,5,5.985336177935031,179.56008533805095,1,1,0
2255,166,4,14,6.692665442988418,200.77996328965256,1,1,0
824,82,1,4,8.016342408756168,240.49027226268504,1,1,0
2090,110,1,10,4.87453940946851,146.2361822840553,1,1,0
1476,157,1,15,6.696603011282426,200.8980903384728,1,1,0
1915,164,1,18,7.527306226662322,225.81918679986967,1,1,0
502,82,0,13,9.691500129108602,290.7450038732581,1,1,0
838,91,0,8,5.515166692452516,165.45500077357548,1,1,0
255,130,0,9,6.155504487497473,184.6651346249242,2,1,0
925,183,1,16,6.276151539534543,188.2845461860363,1,1,0
725,117,1,19,7.633228945869297,228.9968683760789,1,1,0
673,168,0,16,6.14039231824001,184.2117695472003,1,1,0
227,50,0,7,7.201071551798174,216.0321465539452,1,1,0
2325,197,0,14,8.690741979070177,260.7222593721053,2,1,0
564,160,1,14,8.232313564673222,246.96940694019665,1,1,0
725,97,0,4,6.678211879075514,200.3463563722654,2,1,0
1535,150,0,15,9.185297066045013,275.5589119813504,2,1,0
1082,51,0,3,7.3488414975631775,220.46524492689534,2,1,0
1230,129,0,5,7.2394350370132745,217.18305111039822,1,1,0
1226,76,0,1,4.205126595634949,126.15379786904847,2,1,0
1846,58,0,3,9.92015788214297,297.6047364642891,2,1,0
1118,142,0,15,4.73782485117776,142.1347455353328,1,1,0
1974,35,2,8,5.38678547456588,161.60356423697638,1,1,0
1731,74,0,4,4.310181023449162,129.30543070347485,1,1,0
2106,40,0,2,7.8400178010214825,235.20053403064446,1,1,0
1415,147,3,10,5.34820706183608,160.4462118550824,1,1,0
1854,101,1,4,5.080062624836341,152.40187874509022,1,1,0
684,103,0,3,4.531333505339449,135.94000516018346,1,1,0
2275,64,1,2,4.619853742744094,138.5956122823228,1,1,0
913,124,0,17,7.508024202655532,225.24072607966596,1,1,0
1262,48,0,13,8.129247195199573,243.8774158559872,1,1,0
2176,47,2,5,6.3842739307864065,191.5282179235922,1,1,0
1496,155,0,9,6.879382489552439,206.38147468657317,1,1,0
1454,150,0,6,8.115806415897904,243.4741924769371,1,1,0
2333,65,1,5,4.104278741112878,123.12836223338633,2,1,0
325,56,1,10,5.938783942421671,178.16351827265015,1,1,0
736,68,0,8,9.838586488422079,295.1575946526624,1,1,0
2392,141,2,7,7.480673378172808,224.42020134518424,2,1,0
2272,72,2,7,5.525347479384959,165.76042438154877,1,1,0
1803,106,1,6,7.130380279817279,213.9114083945184,1,1,0
266,65,1,3,6.055920928725492,181.67762786176473,2,1,0
432,210,0,19,7.193469932957795,215.80409798873384,2,1,0
2356,227,1,15,4.754449070839893,142.6334721251968,1,1,0
1369,85,0,4,4.796287922915664,143.88863768746992,1,1,0
2358,136,1,12,4.861254172236357,145.83762516709072,2,1,0
2475,160,1,6,9.63891875156105,289.1675625468315,1,1,0
310,195,0,19,8.397393510048051,251.92180530144154,1,1,0
1693,30,0,4,4.974291367973925,149.22874103921777,2,1,0
2281,177,0,15,5.130094502593609,153.90283507780828,1,1,0
822,119,0,9,8.384976849225257,251.54930547675772,1,1,0
1741,72,3,5,4.936983068753044,148.1094920625913,1,1,0
1505,118,1,13,5.407367760008972,162.22103280026917,2,1,0
1961,162,0,18,9.780080996922393,293.40242990767183,1,1,0
2175,53,1,5,5.531839148370591,165.95517445111773,1,1,0
1076,147,0,16,7.969794102226881,239.0938230668064,1,1,0
2189,158,2,19,9.871787724403182,296.15363173209545,1,1,1
1512,157,0,14,6.245780602838756,187.37341808516268,1,1,0
1660,170,0,16,4.105095945172374,123.15287835517121,2,1,0
1933,168,1,15,5.464883742534246,163.9465122760274,1,1,0
1805,64,1,4,8.985263148050233,269.557894441507,1,1,0
1726,83,1,7,9.18765301573022,275.62959047190657,2,1,0
1830,230,3,16,8.611116187142747,258.3334856142824,1,1,0
1360,106,2,8,4.678658914459438,140.35976743378316,2,1,0
958,221,1,17,8.773062230178418,263.1918669053525,1,1,0
442,118,0,16,9.512066781961025,285.3620034588307,1,1,0
1263,138,1,10,7.603657255277417,228.10971765832252,1,1,0
428,80,0,10,9.64525213802839,289.3575641408517,2,1,0
1119,23,0,2,8.961033302271264,268.83099906813794,1,1,0
1446,100,3,9,8.001829101945443,240.05487305836328,1,1,0
205,147,0,17,7.463111420270489,223.89334260811466,1,1,0
667,99,0,11,6.091442003451823,182.7432601035547,1,1,0
1955,158,0,10,4.955724671456831,148.6717401437049,1,1,0
274,167,0,17,7.629723536143245,228.89170608429734,2,1,0
203,71,0,4,5.908669321708717,177.26007965126152,1,1,0
2070,149,2,16,9.198632005165873,275.9589601549762,2,1,0
845,184,0,15,9.960021624151771,298.8006487245531,1,1,0
317,84,0,5,8.514566575693435,255.43699727080303,1,1,0
1829,85,4,6,4.542890171722305,136.28670515166914,1,1,0
2221,107,1,17,5.732113573183828,171.96340719551486,1,1,0
1146,51,1,1,4.654657790594499,139.63973371783496,2,1,0
1664,220,3,19,7.903069886750295,237.09209660250883,2,1,0
393,27,1,4,8.591145187334709,257.73435562004124,1,1,0
1046,154,0,17,9.55404898528427,286.6214695585281,1,1,0
1615,123,0,9,6.629034078471926,198.87102235415776,1,1,0
1658,0,2,2,9.408253897530665,282.24761692591994,2,1,0
2420,73,1,8,9.267346954247966,278.020408627439,1,1,0
1868,165,0,15,5.903174300592392,177.09522901777174,1,1,0
1633,135,1,7,9.213403753243426,276.4021125973028,2,1,0
1341,165,0,6,6.254033511290359,187.62100533871077,1,1,0
2010,116,0,1,5.781215647361685,173.43646942085053,1,1,0
923,160,1,15,7.894447952766359,236.83343858299077,1,1,0
424,71,1,7,5.970287367310487,179.1086210193146,2,1,0
731,202,0,17,7.781252489974865,233.43757469924597,1,1,0
312,29,1,2,7.658990832992167,229.769724989765,1,1,0
2387,86,3,9,7.380633564090752,221.41900692272256,1,1,0
758,89,0,9,6.282518225396786,188.4755467619036,1,1,0
2248,116,0,13,7.29099832990886,218.7299498972658,1,1,0
2337,94,0,6,7.57891284991253,227.3673854973759,1,1,0
853,58,1,6,7.27412133097284,218.2236399291852,1,1,0
519,57,0,3,6.666516716507209,199.99550149521627,1,1,0
1773,229,0,17,4.088002342277583,122.64007026832748,1,1,0
2028,175,1,17,7.522370246206906,225.67110738620718,1,1,0
2117,191,1,12,5.010666310856318,150.31998932568953,2,1,0
338,211,1,16,7.855455813683138,235.66367441049414,1,1,0
2226,178,1,15,8.556065967537196,256.68197902611587,2,1,0
1101,129,2,13,7.002671854784449,210.08015564353346,2,1,0
889,84,1,1,7.25418198987843,217.6254596963529,1,1,0
2239,161,1,17,9.708871357995946,291.2661407398784,1,1,0
209,53,0,3,9.083004168235446,272.4901250470634,1,1,0
460,168,1,15,9.485419095708819,284.5625728712646,1,1,0
2142,66,1,4,8.882597729917519,266.4779318975256,1,1,0
1873,38,1,4,4.653510051080389,139.60530153241166,1,1,0
2419,112,0,18,4.893951135821168,146.81853407463504,1,1,0
3335,155,0,13,19.28476440734653,578.5429322203959,3,2,1
5321,88,0,12,11.127996590745221,333.8398977223566,3,2,0
3985,117,1,12,18.240157971304686,547.2047391391405,3,2,1
1559,93,0,2,18.36189740555382,550.8569221666146,2,2,1
1713,35,1,5,17.270271101150534,518.1081330345161,2,2,1
5593,76,1,2,10.02600327983084,300.78009839492523,2,2,1
4988,151,4,13,17.861617511050405,535.8485253315122,2,2,1
1256,65,1,3,17.23100671089904,516.9302013269712,3,2,1
1576,89,1,11,15.160675881274605,454.8202764382381,2,2,1
1037,181,2,16,12.046424422027433,361.392732660823,3,2,0
3072,58,2,1,11.15010325119853,334.50309753595593,2,2,0
5505,156,7,19,9.462670544964308,283.8801163489292,3,2,1
1460,122,1,11,14.117084802810457,423.5125440843137,2,2,1
2440,131,1,9,15.023130506118157,450.69391518354473,2,2,1
5478,156,6,14,12.312067886189446,369.36203658568337,2,2,1
2832,9,1,9,13.704308812170423,411.1292643651127,3,2,1
5664,101,4,7,12.3621734884312,370.865204652936,3,2,0
4399,226,2,16,15.692072687848416,470.76218063545247,3,2,1
1432,40,0,3,18.81511049355876,564.4533148067628,3,2,1
5151,249,2,19,9.967043144563338,299.0112943369001,2,2,1
2751,39,2,4,12.57690571883748,377.3071715651244,3,2,0
3047,44,1,7,9.690423247410337,290.7126974223101,3,2,0
5997,160,7,12,15.499325244893985,464.97975734681955,2,2,1
3840,151,2,18,16.74644611386315,502.3933834158945,2,2,1
1256,83,0,5,19.18295279116947,575.4885837350841,2,2,1
1671,95,0,10,11.346463115131579,340.3938934539474,2,2,0
1489,189,1,12,19.402534470385163,582.0760341115549,3,2,1
4714,81,1,8,8.759152061848098,262.7745618554429,2,2,0
3096,195,2,19,15.236166360375059,457.08499081125177,2,2,1
2682,183,2,15,8.68559263211996,260.5677789635988,2,2,0
5411,91,3,1,18.72529025314334,561.7587075943002,3,2,1
3460,118,1,3,14.357708684840649,430.73126054521947,3,2,1
5529,194,6,18,16.03218020915355,480.96540627460655,2,2,1
4912,178,4,18,17.97888711092543,539.3666133277629,2,2,1
2975,0,0,2,9.803727469807626,294.1118240942288,2,2,0
4216,166,3,5,8.463098743257607,253.89296229772822,3,2,0
2389,67,3,1,18.546573750954227,556.3972125286268,2,2,1
5515,155,3,10,11.77919872950719,353.3759618852157,3,2,1
4856,137,1,10,9.547746895125982,286.43240685377947,3,2,0
2584,76,1,5,13.621534845045039,408.6460453513512,3,2,1
5939,188,0,18,15.179672908352225,455.3901872505668,2,2,1
3963,127,0,15,8.371647241070121,251.14941723210364,3,2,0
5529,91,2,8,11.298747899085052,338.9624369725516,3,2,0
1976,132,1,17,8.393598491322752,251.80795473968257,2,2,0
4364,203,3,12,13.044024670345987,391.32074011037963,2,2,1
1045,148,0,12,18.741200348794933,562.2360104638481,2,2,1
2193,122,1,1,19.79182893792283,593.7548681376849,2,2,1
4342,163,2,4,15.64457064204353,469.3371192613059,2,2,1
5512,47,2,8,9.939652325415102,298.18956976245306,3,2,0
5943,92,3,1,18.870192679991668,566.1057803997501,3,2,1
1246,100,1,15,14.194973878400726,425.84921635202176,3,2,1
4219,186,1,18,9.844991745235017,295.34975235705053,2,2,0
5325,70,4,1,19.060720033419937,571.8216010025981,3,2,1
1791,71,1,11,17.089628608677238,512.6888582603171,2,2,1
1636,26,2,2,16.780463272677817,503.4138981803345,3,2,1
4775,67,3,1,16.510168445532855,495.30505336598566,2,2,1
3421,143,2,12,10.404077853157307,312.12233559471923,2,2,1
5833,132,3,16,10.532080300490312,315.96240901470935,3,2,1
2088,92,2,10,16.25951598112706,487.78547943381176,2,2,1
5183,124,2,18,10.636673001324763,319.10019003974287,3,2,0
4159,101,0,15,13.264060361636586,397.9218108490976,3,2,1
1712,156,1,17,17.3840219071273,521.5206572138189,3,2,1
5696,159,2,10,17.407430217174092,522.2229065152228,3,2,1
4644,108,2,3,13.439141270310316,403.1742381093095,3,2,1
4890,241,2,16,17.506279259302943,525.1883777790883,2,2,1
3586,94,0,6,18.06346155437668,541.9038466313004,3,2,1
5309,71,2,3,15.857309015411122,475.71927046233367,3,2,1
3108,126,1,9,10.741110227701043,322.2333068310313,2,2,0
5793,137,0,11,11.28814136462657,338.6442409387971,2,2,1
4614,84,3,13,11.778093864904825,353.34281594714474,3,2,1
2242,249,0,18,9.401649292807424,282.0494787842227,3,2,0
3059,0,1,4,11.27791544443934,338.3374633331802,3,2,0
4486,149,2,8,10.514230691750384,315.42692075251153,2,2,1
5332,161,5,13,13.463944997703226,403.91834993109677,3,2,1
4810,76,2,10,18.90125057446718,567.0375172340155,2,2,1
4900,82,3,2,9.253763801047498,277.6129140314249,3,2,0
3605,104,3,8,16.64321508736875,499.29645262106243,3,2,1
5742,50,0,6,16.247396052957534,487.421881588726,2,2,1
4034,112,2,16,9.149050383960292,274.47151151880877,3,2,1
5568,120,1,18,19.070868858869602,572.126065766088,3,2,1
5207,146,1,17,14.821666425881835,444.64999277645506,3,2,1
5051,72,2,6,12.36470625362821,370.9411876088463,3,2,1
4363,95,2,13,17.078463001943682,512.3538900583104,3,2,1
5021,153,2,14,11.088385500819609,332.65156502458825,3,2,0
2845,72,1,10,16.322118044555843,489.6635413366753,2,2,1
1382,142,2,11,8.476534490866968,254.29603472600903,2,2,0
5112,213,6,13,18.072896451311262,542.1868935393379,2,2,1
5588,147,2,12,13.378050164255821,401.34150492767463,3,2,1
4810,118,4,9,15.6403149722953,469.209449168859,3,2,1
2896,45,1,4,10.654853837680204,319.6456151304061,2,2,0
2509,153,2,7,16.124884551901374,483.7465365570412,3,2,1
5212,38,0,2,17.26688331071932,518.0064993215796,3,2,1
2578,190,1,7,13.678558242612784,410.3567472783835,3,2,1
1879,59,1,9,15.412723088741531,462.38169266224594,2,2,1
3162,86,1,5,13.475911085868782,404.2773325760635,3,2,1
2572,206,0,15,18.729096431094145,561.8728929328244,2,2,1
2648,151,1,18,13.97443016617183,419.2329049851549,2,2,1
5739,62,2,4,18.101704508345826,543.0511352503747,3,2,1
2359,207,0,19,17.616224699242984,528.4867409772895,2,2,1
5431,116,3,7,12.926057856180279,387.78173568540836,2,2,1
3969,116,0,8,10.761013902289701,322.830417068691,3,2,0
4960,212,0,17,12.872985590717253,386.18956772151756,2,2,1
4811,140,4,13,17.914608509302642,537.4382552790793,3,2,1
5242,190,3,11,10.731590429832709,321.94771289498124,2,2,0
5217,0,4,1,14.293236150292993,428.7970845087898,2,2,1
1080,89,0,2,17.67316097552897,530.1948292658691,2,2,1
3732,216,1,17,12.241729701540546,367.2518910462164,2,2,1
3709,54,3,5,15.706515644032368,471.19546932097103,3,2,1
3422,19,0,6,10.947578888585774,328.4273666575732,3,2,0
4641,91,3,7,9.311353344417919,279.3406003325376,3,2,0
5599,191,5,15,17.532610701114276,525.9783210334283,3,2,1
1667,168,0,19,9.187623480904481,275.62870442713444,2,2,0
3496,183,1,16,11.256576740955015,337.69730222865047,3,2,0
4499,231,4,13,18.261313063969283,547.8393919190785,3,2,1
4498,25,2,5,12.157631444944005,364.7289433483202,3,2,1
2444,0,2,3,19.676544194169935,590.296325825098,2,2,1
2345,56,1,3,19.756812017286318,592.7043605185895,3,2,1
2189,159,1,19,11.21931224544268,336.5793673632804,3,2,0
1458,137,3,14,8.491738666998685,254.75216000996056,2,2,0
2212,208,0,16,16.46075941046455,493.8227823139365,3,2,1
5559,186,5,17,13.411838031780125,402.35514095340375,2,2,1
1911,70,2,4,9.209034127514915,276.27102382544746,3,2,0
2025,116,0,13,16.490273827736512,494.7082148320954,3,2,1
3411,102,2,8,8.374098909343054,251.22296728029164,3,2,0
1071,207,3,19,18.442360285906904,553.2708085772072,3,2,1
3685,181,0,5,9.663830349359644,289.91491048078933,2,2,0
2193,57,0,2,9.5277425449607,285.83227634882104,3,2,0
2848,201,1,15,10.108067575623014,303.24202726869044,3,2,1
3384,63,2,2,19.523196301904797,585.6958890571439,2,2,1
3022,36,0,11,16.318032323046154,489.5409696913846,3,2,1
4741,121,2,13,17.61645842556364,528.4937527669092,3,2,1
5748,131,2,10,12.771619828793035,383.14859486379106,2,2,1
2298,87,1,3,12.035752730059468,361.072581901784,2,2,0
5102,78,0,5,10.81380808139804,324.4142424419412,2,2,0
1904,95,1,3,13.767776339748908,413.03329019246723,3,2,1
4026,19,0,6,14.621944802410022,438.6583440723007,3,2,1
3028,135,0,13,15.581298123833065,467.438943714992,3,2,1
5711,188,5,10,11.085422047984334,332.56266143953,3,2,1
3620,148,1,19,19.38384897083589,581.5154691250766,3,2,1
3646,143,1,8,10.03710197848563,301.1130593545689,3,2,0
5865,221,1,18,19.587838097196947,587.6351429159084,2,2,1
3289,9,1,3,8.178273470090046,245.34820410270137,3,2,0
4872,194,3,17,13.773508301802147,413.20524905406444,3,2,1
2485,110,2,8,12.000414057398753,360.0124217219626,3,2,1
4151,112,2,10,13.38948096716301,401.68442901489027,3,2,1
2440,0,1,2,14.847974947769469,445.43924843308406,2,2,1
1765,125,2,12,13.227069896152509,396.8120968845753,3,2,1
5479,86,3,6,12.978162203619139,389.34486610857414,2,2,1
3438,0,1,2,16.792680984959677,503.7804295487903,3,2,1
5092,6,1,3,16.230515301037578,486.91545903112734,2,2,1
5783,143,3,17,17.999255384430175,539.9776615329052,3,2,1
2149,49,1,7,10.999507774873948,329.9852332462184,2,2,0
4565,93,2,5,15.314342117048763,459.4302635114629,2,2,1
5142,89,3,1,15.022337424714246,450.6701227414274,2,2,1
2972,96,3,8,12.436853730472265,373.105611914168,2,2,1
3666,171,3,12,13.832690502832172,414.98071508496514,2,2,1
1463,180,0,14,11.765385719668744,352.9615715900623,3,2,0
5218,159,1,16,9.702132771403821,291.06398314211464,3,2,1
3181,126,0,10,10.565614527952794,316.96843583858384,2,2,1
2642,146,1,15,9.266163756814413,277.98491270443236,2,2,0
4888,110,1,15,16.196834902281488,485.9050470684446,3,2,1
1840,85,1,10,15.928728717309818,477.86186151929456,3,2,1
3654,109,2,7,19.407276458958474,582.2182937687543,3,2,1
5118,79,6,3,16.756140963766896,502.6842289130069,3,2,1
1565,75,0,2,8.624550065073578,258.73650195220733,2,2,0
1964,7,1,6,18.61094208714745,558.3282626144235,2,2,1
3282,41,1,9,18.352101955348708,550.5630586604613,2,2,1
1995,53,1,10,13.319843849272385,399.5953154781715,3,2,1
2187,78,2,4,15.030356606335058,450.91069819005173,3,2,1
5921,13,3,3,19.712939989670225,591.3881996901067,3,2,1
5311,124,2,9,14.387652366177996,431.62957098533985,2,2,0
4254,211,3,17,18.863861940513075,565.9158582153923,2,2,1
1656,212,2,14,8.996465093722238,269.89395281166713,2,2,1
3982,176,2,10,10.292622424504195,308.77867273512584,3,2,0
2113,106,0,13,13.289059321295813,398.6717796388744,2,2,1
5406,69,2,12,15.017081700047656,450.51245100142967,3,2,1
1556,17,1,1,17.794734222353604,533.8420266706081,2,2,1
4019,231,2,19,19.859145381718243,595.7743614515473,3,2,1
3304,186,4,19,12.666217957689398,379.9865387306819,3,2,1
3580,82,1,6,8.568987633681019,257.06962901043056,3,2,0
1051,116,1,13,17.6140580395439,528.4217411863169,3,2,1
2361,250,1,19,15.252568628993696,457.5770588698109,3,2,1
2194,98,1,13,10.38251430641842,311.4754291925526,3,2,0
5019,69,1,4,13.937941479457042,418.13824438371125,3,2,1
4138,90,0,2,16.907722946404693,507.23168839214077,3,2,1
2648,223,0,15,17.244941444823723,517.3482433447117,3,2,1
1671,108,2,12,13.995420943985144,419.8626283195543,3,2,1
1777,124,0,7,11.662574361546309,349.87723084638924,3,2,0
5927,158,2,18,19.684910984461922,590.5473295338577,3,2,1
3279,189,0,13,15.960351331477915,478.81053994433745,2,2,1
4022,235,0,17,12.898850232155585,386.96550696466755,2,2,1
2860,31,1,4,11.36555869045583,340.9667607136749,3,2,0
4139,178,2,14,16.773235796042744,503.19707388128234,3,2,1
2074,183,1,13,10.906201347125211,327.18604041375636,3,2,0
2716,47,1,3,10.060519867684258,301.81559603052773,3,2,0
2283,200,1,18,14.358006667544844,430.7402000263453,3,2,1
5686,181,3,14,11.479848711729701,344.3954613518911,3,2,1
2986,235,1,15,15.546861739083381,466.40585217250145,2,2,1
3633,0,2,3,9.415264098490802,282.45792295472404,3,2,0
2001,40,1,1,15.85929325480786,475.7787976442358,3,2,1
2046,120,1,17,11.399558335972426,341.9867500791728,2,2,1
3176,69,3,3,8.002915213214152,240.08745639642456,3,2,0
3338,110,0,14,9.523232692090117,285.6969807627035,3,2,1
2855,48,1,3,19.20338453402113,576.1015360206338,2,2,1
1500,109,2,13,18.408255669384292,552.2476700815288,2,2,1
3233,161,1,15,10.803308384434843,324.0992515330453,3,2,1
5574,231,3,18,17.340462854545894,520.2138856363769,2,2,1
3539,132,1,14,15.30285911808769,459.0857735426307,2,2,1
5608,116,1,3,19.650856537398433,589.5256961219529,2,2,1
4714,233,2,19,12.48326791440871,374.4980374322613,3,2,1
3332,180,1,8,16.177527350206056,485.3258205061817,3,2,1
1600,78,0,4,8.762428669087022,262.87286007261065,3,2,0
5284,74,3,4,12.75496816179687,382.6490448539061,2,2,1
1988,118,0,19,19.565811934258164,586.974358027745,3,2,1
2881,91,1,11,14.467770493401446,434.0331148020434,2,2,1
5483,49,4,1,11.454554040018134,343.636621200544,2,2,1
2754,95,1,8,9.443251557543283,283.2975467262985,3,2,0
3464,243,0,15,16.442340082178365,493.27020246535096,2,2,1
3223,34,1,1,15.738272521156722,472.14817563470166,3,2,1
5482,30,3,7,12.487264563245295,374.61793689735885,3,2,1
2494,149,1,11,19.41129622239001,582.3388866717003,2,2,1
1852,176,2,14,8.266433755854203,247.9930126756261,3,2,0
1451,144,1,16,11.64468621958191,349.3405865874573,3,2,0
3324,232,1,14,19.052833835594978,571.5850150678493,3,2,1
2758,55,1,12,11.851225259833285,355.53675779499855,2,2,0
5308,235,4,17,11.027034006262046,330.81102018786135,3,2,1
4353,140,2,14,14.410644919174967,432.319347575249,2,2,1
5136,81,2,10,17.885620999046456,536.5686299713936,3,2,1
5695,248,2,14,9.237761130540333,277.13283391621,2,2,1
4338,218,3,18,19.316248515748832,579.487455472465,3,2,1
3588,105,3,9,17.54087457417397,526.226237225219,2,2,1
2782,153,0,17,10.175003066618624,305.25009199855873,2,2,0
4520,99,2,6,16.544095534377952,496.32286603133855,3,2,1
2779,80,1,8,12.619504671650686,378.5851401495206,3,2,1
4132,190,1,13,12.827536136915825,384.82608410747474,3,2,1
4573,187,2,18,17.399481109266397,521.9844332779919,3,2,1
4218,125,3,5,19.553417695768786,586.6025308730636,2,2,1
4757,91,1,6,9.519870474166327,285.5961142249898,3,2,0
5016,236,4,19,13.047562842545833,391.426885276375,3,2,1
3837,115,0,4,13.771299297011643,413.1389789103493,2,2,1
3381,158,1,7,12.51574180345997,375.4722541037991,3,2,0
5239,81,0,4,12.3582694845947,370.748084537841,3,2,0
4936,98,3,11,8.627224010739159,258.8167203221748,3,2,0
5428,134,3,12,16.22646344675148,486.7939034025444,3,2,1
2419,150,2,14,13.234573005440545,397.03719016321634,3,2,1
5150,116,1,13,10.337525631727122,310.12576895181365,2,2,0
2330,80,0,10,17.79240202762482,533.7720608287447,2,2,1
3917,205,5,18,17.630728977819537,528.9218693345861,3,2,1
2446,118,0,16,13.836699537066725,415.10098611200175,2,2,1
2440,27,1,5,11.581407933773127,347.4422380131938,2,2,0
4744,26,0,8,15.657112709557428,469.71338128672284,3,2,1
3844,176,3,14,11.457825629328838,343.7347688798651,3,2,1
5175,88,1,5,10.832095163884544,324.96285491653634,2,2,1
1864,86,1,8,16.76617584831592,502.9852754494776,3,2,1
1471,122,1,6,8.483902876651408,254.51708629954223,3,2,0
2502,118,0,16,9.137221652415128,274.11664957245387,2,2,0
5684,117,8,4,8.081458088283078,242.44374264849233,3,2,1
2410,143,3,12,9.835318237705113,295.0595471311534,3,2,1
4770,98,2,11,8.827880104525514,264.8364031357654,3,2,0
2905,34,0,3,19.949628413359022,598.4888524007706,3,2,1
5659,118,3,12,11.465719639449075,343.97158918347225,2,2,1
5001,90,2,5,9.791216152030968,293.73648456092906,3,2,0
4504,121,4,6,10.891955095951015,326.7586528785305,2,2,0
4483,169,1,19,19.233506858481615,577.0052057544484,3,2,1
5562,175,6,18,14.241922676292749,427.25768028878247,3,2,1
1598,163,0,16,12.377817155694283,371.33451467082847,3,2,1
1991,61,2,11,18.480697494910633,554.4209248473189,2,2,1
2932,71,0,5,12.73988324658839,382.1964973976517,2,2,0
3784,174,2,9,12.020102839492349,360.60308518477046,2,2,1
4041,30,1,3,10.487390270596826,314.6217081179048,3,2,1
1066,91,1,8,12.533561886912938,376.00685660738816,2,2,0
4398,118,0,6,11.800212272203112,354.00636816609335,3,2,0
3750,112,4,4,16.127647511577692,483.82942534733075,2,2,1
1469,133,1,12,11.474992456048724,344.24977368146176,3,2,1
2724,123,0,12,14.926396957070738,447.7919087121221,2,2,1
4985,123,3,16,8.790705980383672,263.72117941151015,3,2,0
2631,129,0,10,10.295469880358173,308.86409641074516,3,2,0
1774,88,0,14,12.888863259336185,386.6658977800856,3,2,1
4012,66,3,13,19.243391046904346,577.3017314071304,3,2,1
3503,157,3,9,12.527023828588344,375.81071485765034,3,2,1
2486,101,0,7,15.96888945439801,479.0666836319403,3,2,0
5019,186,5,12,11.061046669056777,331.83140007170334,2,2,1
5227,55,3,5,9.52440291167878,285.73208735036343,2,2,0
1929,197,1,18,8.702439200960601,261.073176028818,3,2,0
4012,44,0,4,11.664961982513017,349.9488594753905,3,2,0
2505,42,2,2,9.891932321562896,296.75796964688686,3,2,0
5729,112,4,3,10.08812537619349,302.6437612858047,2,2,1
3944,135,3,12,17.1291117006434,513.8733510193019,2,2,1
3819,31,1,3,8.19005685133849,245.7017055401547,2,2,0
2184,12,1,4,14.693721508825213,440.8116452647564,2,2,0
1288,92,0,6,12.553536567121578,376.60609701364734,2,2,0
2811,173,1,12,14.078599998902567,422.357999967077,2,2,1
1527,155,1,19,14.753962846575234,442.61888539725703,2,2,1
1916,147,2,10,11.760412333487338,352.8123700046201,3,2,0
2708,5,1,1,11.541306322211422,346.23918966634267,2,2,0
4574,210,3,17,16.80082219201887,504.0246657605661,3,2,1
4319,169,2,16,18.455323857453887,553.6597157236166,2,2,1
2406,117,1,9,10.310979589502335,309.32938768507006,3,2,0
2241,79,1,9,9.171425126421788,275.14275379265365,3,2,0
4133,121,1,9,18.773549676704313,563.2064903011294,2,2,1
1798,117,3,12,12.198745563768783,365.9623669130635,3,2,1
2523,95,2,9,14.61580868795377,438.4742606386131,2,2,1
5107,104,3,15,12.314517734240042,369.43553202720125,3,2,1
5928,25,2,2,9.509628036152616,285.2888410845785,2,2,0
3888,106,2,11,15.071979739372736,452.15939218118206,3,2,1
3690,140,2,11,14.301690221235557,429.0507066370667,3,2,1
5091,132,3,8,10.435922710294367,313.077681308831,2,2,0
2241,58,1,6,13.422428535827335,402.67285607482006,3,2,1
1690,84,1,7,17.56337004818775,526.9011014456325,2,2,0
1527,126,1,3,15.085113237294696,452.55339711884085,3,2,1
2495,104,1,8,9.163007924803939,274.89023774411817,3,2,0
4825,162,2,18,14.57625796674962,437.28773900248865,3,2,1
3893,108,2,17,16.432859591475044,492.9857877442513,2,2,1
1892,83,0,11,17.512440869369016,525.3732260810705,3,2,1
1386,10,0,2,15.549410943611202,466.48232830833604,3,2,1
2249,261,0,19,9.831897974489404,294.9569392346821,2,2,0
3528,52,0,7,16.52207919908193,495.6623759724579,2,2,1
5503,191,3,18,16.128102152978197,483.84306458934594,2,2,1
4528,123,3,8,8.293122595287599,248.79367785862797,3,2,0
1897,196,2,14,12.940972011082918,388.22916033248754,2,2,1
1710,91,1,7,11.995402963548479,359.86208890645435,3,2,1
4695,51,2,4,16.03294477104372,480.9883431313116,2,2,1
3686,152,2,17,10.593629747731049,317.80889243193144,2,2,0
5512,99,3,5,15.090463075691101,452.713892270733,3,2,1
1415,98,0,12,18.958471541770066,568.754146253102,3,2,1
2471,57,0,9,17.573628466503294,527.2088539950988,3,2,1
5180,118,1,13,19.057492834598364,571.7247850379509,3,2,1
5262,126,1,18,19.74207160319228,592.2621480957683,3,2,1
3431,181,1,9,8.128041524073954,243.84124572221862,2,2,0
3515,85,0,4,15.47289531652973,464.1868594958919,2,2,1
2095,158,0,8,12.954072773106876,388.6221831932063,3,2,0
1809,57,0,1,18.31825388402146,549.5476165206437,3,2,1
4044,246,4,17,11.02177642410958,330.6532927232874,3,2,1
1992,121,1,9,19.772353869380915,593.1706160814274,2,2,1
2281,173,2,13,15.364495634524967,460.93486903574905,2,2,1
5370,0,0,2,17.522448826745972,525.6734648023792,2,2,1
2773,97,0,13,9.02719463387322,270.8158390161966,3,2,1
4561,113,2,9,10.20149461710638,306.0448385131914,3,2,0
4816,95,3,6,17.10084407641044,513.0253222923131,3,2,1
2756,54,4,1,8.263838264471882,247.91514793415647,2,2,0
3373,93,1,5,17.802535830725393,534.0760749217618,3,2,1
3576,83,2,3,8.167388224302938,245.02164672908813,3,2,0
1891,96,0,4,15.88542606873528,476.5627820620584,2,2,1
5184,69,1,1,12.38112704278167,371.43381128345015,3,2,0
1707,190,0,14,15.337938232630389,460.13814697891166,2,2,1
3397,160,2,9,16.352376883869365,490.57130651608094,2,2,1
5482,78,2,4,12.10970263023565,363.2910789070695,3,2,1
3134,272,3,18,9.295549377330026,278.8664813199008,3,2,1
3354,206,2,14,8.835750412979188,265.0725123893756,3,2,0
5535,49,4,4,15.067232270750575,452.01696812251726,3,2,1
1976,135,2,10,14.247864244809339,427.4359273442802,2,2,0
1734,0,0,3,16.90641210945359,507.19236328360773,3,2,1
3468,39,4,7,14.116826120047246,423.5047836014174,3,2,1
3540,115,5,10,13.06934948037055,392.08048441111646,3,2,1
1632,103,1,13,12.77704613883477,383.3113841650431,3,2,0
5268,57,3,4,8.317362831172009,249.52088493516027,2,2,0
5099,192,1,18,12.026686420359885,360.80059261079657,2,2,1
3901,167,0,11,19.71224189029393,591.367256708818,3,2,1
2663,113,1,4,18.482666914725066,554.4800074417519,2,2,1
3015,158,0,14,11.952536804410613,358.5761041323184,3,2,1
4181,130,0,18,15.053544860796466,451.60634582389395,2,2,1
5063,86,3,8,18.167560946425926,545.0268283927778,2,2,1
3630,140,1,10,13.295292041000824,398.8587612300247,2,2,1
4872,41,1,5,8.215494365001812,246.46483095005433,3,2,0
2054,40,1,7,8.89412554182368,266.8237662547104,2,2,0
1380,150,1,12,14.12471265618448,423.7413796855344,3,2,0
4082,62,2,3,19.63327250811054,588.9981752433162,3,2,1
3391,58,1,4,16.318514506626414,489.55543519879245,2,2,1
2592,159,1,10,8.850994297262835,265.529828917885,3,2,0
5261,105,0,4,10.272330509502353,308.1699152850706,3,2,0
3747,236,3,15,17.2558777186022,517.676331558066,3,2,1
3389,88,1,10,18.09727711947494,542.9183135842482,3,2,1
4553,185,2,16,15.41233503426309,462.3700510278927,2,2,1
4027,155,1,15,15.7330780355578,471.99234106673396,2,2,1
2207,200,1,19,8.340049404600617,250.2014821380185,3,2,0
4853,151,3,19,17.9423631149781,538.270893449343,2,2,1
1544,117,0,18,17.459302498049954,523.7790749414986,3,2,1
4081,149,5,12,11.108421729240167,333.252651877205,3,2,1
4663,124,0,16,16.504120639586084,495.1236191875825,2,2,1
3239,80,1,1,10.578255277099977,317.34765831299933,3,2,0
3367,112,3,16,8.483961932618156,254.51885797854467,2,2,1
4773,14,5,2,10.413638511084528,312.4091553325359,2,2,1
3627,138,1,15,10.143546521051594,304.3063956315478,2,2,0
4931,39,3,7,12.052975960818166,361.589278824545,3,2,0
3474,105,0,1,13.021393966105498,390.6418189831649,2,2,0
4130,72,2,5,14.102466697972496,423.0740009391749,3,2,1
4507,85,0,10,13.721046506099938,411.6313951829982,3,2,1
1096,80,0,4,11.248095271583473,337.4428581475042,3,2,0
4858,192,3,14,8.350048022888894,250.5014406866668,3,2,0
3708,142,0,13,15.261219466845809,457.8365840053743,3,2,1
4336,45,2,1,12.748937958168252,382.46813874504755,2,2,0
1456,118,0,16,11.584065888650596,347.52197665951786,3,2,0
5368,132,1,9,18.403292513966147,552.0987754189844,3,2,1
3987,224,2,16,16.960919693577917,508.8275908073375,3,2,1
5088,188,3,19,18.293186580469307,548.7955974140792,3,2,1
4884,131,3,15,13.939793536549532,418.19380609648596,3,2,1
2031,149,0,14,9.57117502552133,287.13525076563985,3,2,1
1207,115,1,10,16.35465723345527,490.6397170036581,3,2,1
2937,87,2,12,10.472885359246103,314.1865607773831,3,2,0
2146,17,0,1,13.2947560291006,398.842680873018,3,2,0
5299,252,3,17,8.780009467386662,263.4002840215999,2,2,0
3564,63,3,9,17.903700829075788,537.1110248722737,3,2,1
1442,164,2,19,9.511287692570008,285.3386307771002,3,2,0
5784,146,2,18,18.837170084591715,565.1151025377515,3,2,1
1832,61,2,7,18.370767227138685,551.1230168141606,3,2,1
2461,84,0,9,13.574993173270952,407.2497951981286,3,2,1
4516,153,2,12,16.932418451647887,507.9725535494366,2,2,1
2159,148,2,7,15.43334088581784,463.0002265745352,3,2,1
1386,160,2,14,17.636907708052938,529.1072312415881,3,2,1
3041,132,2,15,13.181661209430946,395.44983628292835,2,2,1
3553,211,0,15,17.4297018109322,522.891054327966,3,2,1
2718,0,0,6,13.549481804781776,406.48445414345326,3,2,0
5775,173,1,14,19.291589454113527,578.7476836234058,3,2,1
5050,9,1,2,13.836465209901771,415.0939562970531,2,2,1
4409,101,2,8,13.551431263204755,406.54293789614263,3,2,1
1689,156,0,13,17.420862338762152,522.6258701628645,3,2,1
2169,18,1,6,17.858932301130054,535.7679690339016,3,2,1
5988,90,3,5,14.65386937185405,439.6160811556215,2,2,1
1952,78,0,5,10.157573761940904,304.7272128582271,3,2,0
5879,106,2,1,13.613098771490954,408.3929631447286,3,2,1
5590,225,3,9,19.61687003491614,588.5061010474842,3,2,1
4496,15,0,6,17.035834316470222,511.0750294941067,3,2,1
4917,142,0,7,17.733951246549587,532.0185373964877,2,2,1
5842,115,3,9,8.393905985830882,251.81717957492646,3,2,0
3484,62,5,5,13.614313551609918,408.42940654829755,3,2,1
2854,156,0,14,15.759453603890664,472.7836081167199,3,2,1
4439,22,1,5,17.960392203536898,538.8117661061069,3,2,1
4231,54,2,8,8.591283842993258,257.73851528979776,3,2,0
3597,31,3,7,18.229266627702476,546.8779988310743,2,2,1
4983,160,1,13,14.580811240902941,437.42433722708824,3,2,1
3191,157,2,13,10.36776764691272,311.0330294073816,2,2,1
3635,66,1,8,11.8070625973964,354.211877921892,2,2,0
1656,183,1,11,11.383154621018729,341.4946386305619,3,2,1
4812,167,4,18,14.37030841146171,431.1092523438513,3,2,1
4340,238,1,19,8.620228158933582,258.6068447680075,3,2,0
4911,112,6,6,9.902433901999082,297.07301705997247,3,2,1
2796,18,0,2,17.75231652050939,532.5694956152817,3,2,1
5363,149,4,13,9.591247888961732,287.73743666885196,3,2,1
2762,82,3,11,10.800755233497524,324.02265700492575,3,2,1
5472,61,3,1,13.440447267249887,403.2134180174966,2,2,1
4285,47,0,2,14.205450657359965,426.16351972079894,3,2,0
2585,192,1,17,17.163325755369904,514.8997726610971,3,2,1
4563,144,3,8,13.367989119994252,401.03967359982755,3,2,1
3440,55,1,2,17.478375452426466,524.351263572794,2,2,1
5584,23,1,6,15.42015568454549,462.6046705363647,2,2,1
5817,112,1,5,9.357196873085869,280.7159061925761,2,2,0
4100,163,1,16,9.875977260714063,296.2793178214219,2,2,1
4244,23,1,8,13.24440470539725,397.3321411619175,3,2,1
2040,209,3,19,12.762672717068476,382.88018151205426,2,2,1
4127,178,1,16,16.922531235647536,507.6759370694261,2,2,1
3273,119,0,13,14.968845677568222,449.06537032704665,2,2,1
4629,88,2,7,12.657596972026992,379.72790916080976,2,2,1
3114,149,3,16,10.049123401404628,301.4737020421388,2,2,1
2677,179,1,16,10.72204522790594,321.66135683717823,3,2,1
4094,146,3,12,14.906012221628707,447.1803666488612,3,2,1
1998,110,1,14,13.08126565879751,392.43796976392525,2,2,0
3284,253,3,18,14.179130106328065,425.37390318984194,3,2,1
2589,152,1,18,10.048129223626804,301.4438767088041,3,2,0
2161,59,2,16,15.95487502813479,478.6462508440437,2,2,1
3520,159,4,16,18.230464890271605,546.9139467081482,3,2,1
4855,185,2,13,11.095274081442806,332.8582224432842,3,2,1
5648,108,3,9,13.898170709981919,416.9451212994576,3,2,1
1694,36,0,9,19.70632794825082,591.1898384475246,3,2,1
5412,107,3,13,11.998900886608732,359.96702659826195,2,2,1
5863,23,1,4,15.140556139085135,454.21668417255404,3,2,1
4798,93,3,9,9.082348402402932,272.47045207208794,3,2,0
4683,149,2,15,15.272180029753319,458.16540089259956,3,2,1
2971,181,4,14,9.075581279655415,272.26743838966246,2,2,0
2503,192,1,19,19.510825223885863,585.3247567165758,3,2,1
4249,133,0,12,16.587951824867737,497.6385547460321,3,2,1
5218,169,4,6,17.457917457628476,523.7375237288543,3,2,1
4242,98,2,3,16.449252329259643,493.4775698777893,2,2,1
2868,193,1,16,15.07674843291759,452.3024529875277,3,2,1
2671,98,1,17,13.398953373026064,401.9686011907819,3,2,1
2082,132,1,16,18.30048055713275,549.0144167139825,3,2,1
2728,19,1,6,19.482028010516757,584.4608403155028,3,2,1
4851,73,2,8,13.988434074848975,419.65302224546923,3,2,1
3142,218,1,19,19.178420589863144,575.3526176958943,3,2,1
2148,35,1,2,14.99999491986221,449.9998475958663,3,2,1
1253,194,2,14,14.460610242757198,433.818307282716,3,2,1
5102,173,4,12,13.453792795464281,403.61378386392846,3,2,1
4542,178,2,17,10.51145313836144,315.34359415084316,2,2,1
3775,213,4,15,8.04463592981671,241.33907789450132,3,2,1
5637,238,2,18,10.898074722272735,326.9422416681821,3,2,1
4333,191,3,16,14.116678059242782,423.50034177728344,3,2,1
5184,173,6,13,12.559519427117031,376.7855828135109,3,2,1
4279,206,3,17,13.381822736031605,401.45468208094815,3,2,1
5308,57,4,8,19.767778634768597,593.0333590430579,3,2,1
3881,43,2,1,12.203268448031931,366.0980534409579,2,2,1
1265,58,1,3,13.426195272321294,402.7858581696388,3,2,1
3340,153,2,16,9.602186616233835,288.06559848701505,2,2,1
4148,24,2,2,8.575492789243851,257.26478367731556,2,2,0
4359,194,1,15,17.304914175109936,519.147425253298,3,2,1
2004,59,3,1,14.848198100863744,445.4459430259123,3,2,1
3094,127,3,9,17.12845767252674,513.8537301758022,3,2,1
5717,224,2,16,9.798353586638619,293.95060759915856,2,2,1
4271,64,2,4,14.86194525419229,445.85835762576875,2,2,1
5522,115,1,12,11.043709692096506,331.31129076289517,3,2,0
1209,97,1,1,10.736741802800239,322.1022540840072,3,2,0
1887,0,0,1,8.138312168635823,244.14936505907468,2,2,0
1153,88,0,7,9.564088682828864,286.9226604848659,3,2,0
4593,159,3,18,11.711217337996345,351.33652013989035,3,2,1
1414,166,1,15,9.402545127091269,282.0763538127381,3,2,1
4424,156,0,13,19.83030128493125,594.9090385479375,3,2,1
2284,188,1,16,11.703591782287408,351.1077534686222,2,2,1
4148,132,1,7,9.563887360427938,286.9166208128381,3,2,0
1768,147,0,16,10.388987753935492,311.6696326180648,3,2,0
1982,141,3,13,15.052438740097717,451.5731622029315,2,2,1
4202,178,3,14,8.768522286377461,263.05566859132387,3,2,0
5674,211,2,17,18.349209561693883,550.4762868508165,3,2,1
4526,78,1,12,19.537996150845768,586.1398845253731,3,2,1
3787,146,0,13,10.96096904800857,328.8290714402571,2,2,0
3210,134,0,15,13.401143223090312,402.03429669270935,2,2,0
2038,65,0,4,8.265613412353964,247.96840237061895,2,2,0
4932,31,0,2,15.688522696726658,470.6556809017997,3,2,1
1541,145,0,18,12.967112696631066,389.013380898932,3,2,1
1358,10,1,2,11.240701593218668,337.2210477965601,2,2,0
1849,158,3,15,10.482045327399302,314.46135982197904,3,2,0
5522,201,1,19,15.848276931905126,475.44830795715376,3,2,1
3544,130,1,15,12.994604372387773,389.83813117163317,3,2,1
5581,177,4,10,10.155911468358944,304.67734405076834,3,2,1
2831,216,0,11,16.269308977841888,488.07926933525664,3,2,1
2472,131,1,10,14.780867396440325,443.42602189320974,3,2,1
2436,73,1,5,18.304064659153955,549.1219397746187,3,2,1
1329,65,0,9,9.409710786517914,282.29132359553745,2,2,0
5354,216,4,19,17.427999223333472,522.8399767000042,2,2,1
5238,208,3,13,16.082201441807108,482.4660432542132,2,2,1
5008,261,2,18,9.380131241937175,281.40393725811526,3,2,0
5722,231,2,17,16.337848758460648,490.13546275381947,2,2,1
2388,111,0,6,13.298567466557966,398.957023996739,2,2,0
5185,146,4,10,19.339817426670116,580.1945228001035,3,2,1
1719,4,0,2,9.699336207414792,290.98008622244373,2,2,0
4235,99,5,6,15.714000689788856,471.42002069366566,2,2,1
5576,145,4,13,12.583760545555352,377.51281636666056,2,2,1
3131,175,1,18,19.481776047090534,584.453281412716,3,2,1
2100,67,2,7,11.959698743483317,358.7909623044995,2,2,0
1672,81,1,2,19.546230913901603,586.3869274170481,3,2,1
1516,136,1,14,18.81783021320899,564.5349063962697,3,2,1
3532,60,1,5,11.244598823727877,337.3379647118363,3,2,1
4670,145,0,18,17.64250132191713,529.275039657514,3,2,1
1781,127,0,11,19.94725042164207,598.4175126492621,3,2,1
4523,174,1,10,11.031956026055388,330.95868078166166,2,2,0
4558,137,4,11,13.241326031879836,397.23978095639507,2,2,1
3386,77,4,2,14.242168838801117,427.2650651640335,2,2,1
5782,242,3,15,11.539173629646372,346.1752088893912,2,2,1
2589,134,0,7,8.183178075752357,245.49534227257072,2,2,0
5995,145,4,9,10.64155093037032,319.2465279111096,2,2,1
2501,91,0,5,11.383242612101101,341.49727836303305,3,2,0
4794,66,1,7,13.323196415818245,399.69589247454735,3,2,1
5318,42,5,2,10.053229740960823,301.5968922288247,2,2,0
4080,59,0,3,18.47905228030007,554.3715684090021,3,2,1
2076,52,0,2,16.458933592776035,493.76800778328106,2,2,1
2100,158,2,19,9.022405730715944,270.6721719214783,2,2,1
1502,90,0,4,15.801109413679177,474.0332824103753,3,2,1
2339,89,3,7,15.843877716867445,475.31633150602335,2,2,1
4885,136,1,7,19.474654083723532,584.239622511706,2,2,1
1623,163,0,17,8.036250456273935,241.08751368821805,3,2,0
2886,181,1,19,10.975189397669686,329.2556819300906,3,2,1
4350,120,0,16,19.133497752503786,574.0049325751136,3,2,1
2050,25,1,3,19.185606984779398,575.568209543382,2,2,1
4772,217,3,15,16.64703703244765,499.41111097342946,3,2,1
4916,157,1,14,17.18915985257048,515.6747955771144,3,2,1
5018,175,2,15,9.097795495155765,272.93386485467295,3,2,0
2329,211,1,14,14.166510017338803,424.9953005201641,3,2,1
5114,38,1,7,10.778995895467993,323.3698768640398,3,2,1
4367,85,1,3,10.174616523363408,305.23849570090226,2,2,0
4951,117,3,17,17.72363958947999,531.7091876843997,3,2,1
3497,107,3,10,9.620457640166569,288.61372920499707,3,2,1
2573,109,1,15,13.623819643956622,408.7145893186987,3,2,1
3634,112,0,6,19.262938875032397,577.888166250972,3,2,1
3768,95,1,17,10.22998466678411,306.8995400035233,3,2,1
2211,156,0,17,19.735921084858816,592.0776325457645,3,2,1
1775,100,1,14,19.93145582913271,597.9436748739813,3,2,1
2160,144,1,18,14.667405856188836,440.02217568566505,3,2,1
3383,46,1,5,10.041712882125895,301.25138646377684,3,2,0
3654,156,2,8,11.793258655290748,353.79775965872244,2,2,1
4540,82,2,7,13.093913992118422,392.81741976355266,2,2,1
5697,131,0,4,11.711890692298676,351.35672076896026,3,2,1
5635,271,4,18,11.367626958518189,341.02880875554564,3,2,1
2095,154,0,5,19.66675651059629,590.0026953178887,3,2,1
1023,160,1,16,9.840377928988948,295.21133786966845,3,2,0
5719,185,7,14,16.799934904602345,503.9980471380704,2,2,1
4556,217,4,19,8.004923473270098,240.14770419810296,2,2,1
2079,127,0,14,15.154192032828522,454.6257609848557,3,2,1
5318,123,1,9,18.991316047448628,569.7394814234589,2,2,1
1178,50,2,6,11.455209129118629,343.65627387355886,2,2,1
3847,115,5,17,10.22631170309263,306.78935109277893,2,2,0
2960,210,0,19,15.820157538541125,474.6047261562337,2,2,1
2473,122,2,12,16.55121688758072,496.53650662742155,3,2,1
5888,62,8,4,16.256366227423776,487.6909868227133,2,2,1
5979,138,3,16,11.831802560256488,354.95407680769466,3,2,1
2212,183,1,11,11.026428825911971,330.7928647773591,2,2,0
1809,80,0,4,19.471025599544532,584.130767986336,3,2,1
1419,105,0,17,19.079594099239152,572.3878229771746,2,2,1
4659,51,1,8,13.487799318713844,404.6339795614153,3,2,1
4816,150,4,14,18.154326393852482,544.6297918155744,3,2,1
2278,80,3,2,13.427881731611553,402.83645194834656,2,2,1
3523,101,3,11,13.092668216870125,392.78004650610376,3,2,1
2440,116,1,11,9.881155371191536,296.43466113574607,3,2,0
2340,87,1,6,13.116872677903674,393.5061803371102,3,2,1
3221,162,3,14,14.449003263197683,433.4700978959305,2,2,1
3392,19,1,10,8.270051929144238,248.1015578743271,3,2,0
2361,112,2,8,13.329356062104877,399.8806818631463,3,2,1
1591,16,0,7,17.376274620742404,521.2882386222722,2,2,0
1526,97,3,8,16.16055267649124,484.81658029473715,2,2,1
3503,83,2,8,15.62188386636722,468.6565159910166,3,2,1
2292,7,1,2,18.91466514124643,567.439954237393,3,2,1
2654,201,2,16,8.21638411790276,246.49152353708277,3,2,0
5906,62,1,9,14.68457103430681,440.5371310292043,3,2,1
1187,123,2,13,17.448186180916487,523.4455854274946,3,2,1
3758,166,1,12,14.496024592415207,434.8807377724562,2,2,1
1528,143,0,17,11.88674663096455,356.6023989289365,2,2,0
1433,15,0,2,9.635006781103733,289.050203433112,3,2,0
4512,138,3,13,18.650756861794296,559.5227058538288,3,2,1
2804,89,6,1,13.649148708651236,409.47446125953707,2,2,1
1302,239,0,19,18.537382363828417,556.1214709148525,3,2,1
5182,95,3,11,15.030225469198019,450.90676407594054,3,2,1
1437,35,0,5,16.09030539938001,482.7091619814003,3,2,1
3588,31,1,1,17.6511338525414,529.5340155762419,3,2,1
1832,158,3,13,15.909866535201612,477.29599605604835,3,2,1
1796,78,3,8,12.776658088147252,383.29974264441756,2,2,1
1559,105,0,6,14.163600607143811,424.9080182143143,3,2,0
4588,144,3,17,17.63654629611056,529.0963888833168,3,2,1
1761,59,2,12,12.48380355647581,374.5141066942743,3,2,1
4574,89,6,1,12.657457481221964,379.7237244366589,3,2,1
4785,89,2,3,9.148281392696013,274.4484417808804,3,2,0
3514,183,0,14,18.975013222660973,569.2503966798292,2,2,1
1684,14,0,8,9.092435779345301,272.77307338035905,2,2,0
5233,101,2,11,15.77851012938267,473.3553038814801,3,2,1
1577,131,0,14,12.958333745633572,388.75001236900715,2,2,0
5805,174,2,8,12.867432683065308,386.02298049195923,2,2,0
1227,47,0,3,16.15462203887221,484.63866116616623,3,2,1
3328,32,0,7,8.805124791558544,264.15374374675633,3,2,0
3731,218,5,19,15.124469395417215,453.73408186251646,2,2,1
1827,114,0,4,17.26438143166826,517.9314429500478,3,2,1
1430,206,1,16,17.93855309463913,538.1565928391739,3,2,1
2063,161,1,13,10.046364672725304,301.3909401817591,3,2,1
2709,197,1,19,18.769028600938086,563.0708580281425,3,2,1
2234,0,2,5,15.873753102169307,476.2125930650792,3,2,1
1301,76,1,5,18.58225760984819,557.4677282954458,2,2,1
2420,69,0,4,13.82336860532238,414.7010581596714,2,2,0
5628,59,4,2,14.504400141166425,435.13200423499273,3,2,1
1768,162,0,13,19.028459324344055,570.8537797303217,3,2,1
2404,160,2,16,18.798914520256062,563.9674356076819,3,2,1
1443,41,2,2,13.377930480428024,401.3379144128407,3,2,1
4104,223,0,19,11.29295157962818,338.7885473888454,3,2,1
5355,149,0,17,12.71804521477117,381.5413564431351,3,2,1
4305,77,1,5,12.653171942356996,379.5951582707099,2,2,0
2538,219,2,18,11.442402499793527,343.2720749938058,2,2,0
4930,138,1,18,11.222955251995598,336.688657559868,3,2,1
2331,59,2,8,18.332755237756633,549.9826571326989,2,2,1
1069,214,2,15,8.83834304821594,265.1502914464782,2,2,0
4435,130,4,13,16.13133418519513,483.9400255558539,3,2,1
1480,171,2,13,10.073840617477428,302.21521852432284,3,2,1
5094,101,3,16,12.134070720728758,364.02212162186277,3,2,1
4496,43,2,13,8.738516409618043,262.15549228854127,2,2,0
3793,60,0,2,11.239683642265545,337.1905092679664,2,2,0
3892,48,0,3,17.221052853406906,516.6315856022072,2,2,1
2198,169,1,15,18.620183894567102,558.605516837013,3,2,1
3372,256,0,19,10.658325822828404,319.7497746848521,2,2,1
2892,89,1,13,13.562574071107061,406.87722213321183,3,2,1
2883,71,0,5,13.643888575246477,409.3166572573943,3,2,0
1797,147,2,6,18.48290366911681,554.4871100735043,3,2,1
1017,98,0,14,17.153588634509664,514.6076590352899,2,2,1
1043,43,1,4,14.156926620416598,424.707798612498,3,2,1
1154,111,0,19,16.048966405661282,481.4689921698385,3,2,1
5962,180,1,7,18.1682606469124,545.047819407372,3,2,1
4448,0,4,4,8.11446744830654,243.4340234491962,3,2,0
5838,87,2,2,12.834680372600584,385.0404111780175,2,2,1
5080,53,4,7,18.886918007324944,566.6075402197483,3,2,1
2425,16,1,3,16.883756370127415,506.5126911038225,2,2,1
5320,207,3,15,14.514096492008896,435.4228947602669,2,2,1
5312,13,1,1,14.3557343244216,430.672029732648,2,2,1
4639,87,3,2,12.173241171253252,365.19723513759754,3,2,1
5126,170,1,10,14.246246403698175,427.38739211094526,3,2,1
2892,166,0,16,15.864598393561439,475.93795180684316,2,2,1
1897,200,3,15,13.020356461145518,390.6106938343655,3,2,1
4424,153,0,15,16.569837756706086,497.0951327011826,2,2,1
5540,162,3,14,18.33478672712463,550.0436018137389,3,2,1
2258,131,3,14,9.856218178218334,295.68654534655,2,2,1
3015,155,0,6,13.418564273809093,402.5569282142728,2,2,1
5833,176,1,14,12.896241095420972,386.88723286262916,3,2,1
2702,201,3,17,16.249577648596738,487.48732945790215,2,2,1
1873,214,2,18,10.998409583095153,329.95228749285457,3,2,1
1565,159,1,19,15.683010979427316,470.4903293828195,2,2,1
3018,203,0,17,18.529870900777855,555.8961270233357,3,2,1
2885,235,3,16,13.017579197523473,390.5273759257042,2,2,1
3123,53,3,8,18.93218839975064,567.9656519925192,3,2,1
5642,117,2,7,19.91796486720174,597.5389460160521,3,2,1
3314,138,2,12,9.273104599375426,278.1931379812628,2,2,0
5412,86,1,9,10.796638255818303,323.8991476745491,3,2,1
4883,108,2,14,19.40455701778512,582.1367105335536,2,2,1
4192,95,3,1,19.49993223777664,584.9979671332992,3,2,1
2859,118,0,10,9.172487304641102,275.1746191392331,2,2,0
1024,162,1,17,8.179982004525641,245.39946013576923,3,2,0
4503,192,1,17,9.933200279077067,297.996008372312,3,2,0
5255,180,4,17,19.95215340058698,598.5646020176093,3,2,1
2137,33,0,4,10.159995399328242,304.79986197984726,3,2,0
5995,196,5,17,14.030571280664278,420.91713841992834,3,2,1
2189,177,1,18,18.181012717166134,545.430381514984,3,2,1
5798,0,0,2,8.244819328258476,247.3445798477543,3,2,0
5096,78,2,8,15.253867787101514,457.61603361304543,3,2,1
4157,83,0,13,11.324305386435492,339.72916159306476,2,2,1
3367,88,1,15,18.348018997276778,550.4405699183034,3,2,1
5477,145,5,9,11.40153379116895,342.04601373506847,3,2,1
2741,32,1,3,16.241068643382906,487.2320593014872,3,2,1
4688,115,4,3,16.090635589368762,482.7190676810629,3,2,1
4746,0,1,2,10.65792258631568,319.73767758947037,2,2,0
1897,31,1,1,8.417590398420202,252.52771195260607,3,2,0
5023,122,1,14,12.910994885424767,387.329846562743,2,2,1
1716,107,1,17,11.470317823590436,344.10953470771307,2,2,1
4967,134,0,13,17.707732995364502,531.2319898609351,2,2,1
5021,132,2,19,17.604370261464144,528.1311078439243,3,2,1
4215,173,3,15,13.484287426311505,404.52862278934515,2,2,1
1390,175,1,14,15.278146703878626,458.34440111635877,2,2,0
4884,66,2,2,15.251114191843103,457.5334257552931,3,2,1
2699,106,1,7,17.925897781131482,537.7769334339445,2,2,1
4037,207,0,17,13.10002896947837,393.0008690843511,2,2,0
1232,172,0,18,11.30536015748611,339.1608047245833,2,2,0
2926,54,2,6,11.18041901768657,335.41257053059707,2,2,1
4131,109,8,8,14.43430735138645,433.0292205415935,3,2,1
4306,32,2,2,13.389778432786551,401.6933529835965,2,2,1
3724,11,3,1,13.281449251819234,398.44347755457704,3,2,1
5801,194,1,16,9.093648069076487,272.8094420722946,3,2,0
1233,112,1,7,16.623244888282347,498.6973466484704,2,2,1
2391,61,2,11,10.56484025578293,316.94520767348786,2,2,0
3892,131,3,15,10.363443562504656,310.9033068751397,3,2,1
2255,100,2,13,12.953099843328722,388.5929952998617,3,2,1
3538,58,0,2,10.733340099413617,322.0002029824085,2,2,0
4690,195,2,14,15.006299207696184,450.18897623088554,2,2,1
1889,100,1,6,12.457560072013658,373.72680216040976,3,2,1
5687,83,2,9,13.386940671113482,401.6082201334045,2,2,1
1745,73,0,7,14.446031859248347,433.3809557774504,2,2,0
2719,138,4,18,10.442426269781658,313.2727880934497,3,2,0
1427,54,1,9,9.869019474386358,296.0705842315907,3,2,0
1731,100,1,4,18.565062834483257,556.9518850344978,2,2,1
1799,159,0,9,13.204684433977052,396.14053301931153,3,2,1
5297,53,4,4,12.94512331559047,388.3536994677141,2,2,1
1835,132,1,12,8.427345803274097,252.8203740982229,3,2,0
1134,95,1,4,13.975715631048718,419.2714689314615,3,2,1
3538,80,1,14,14.650036659332,439.50109977996004,3,2,1
4718,54,2,7,14.706090451455998,441.18271354367994,3,2,1
1040,213,0,13,16.484374031874612,494.53122095623837,3,2,1
4367,70,3,8,10.129782019892142,303.89346059676427,3,2,0
3415,60,1,5,11.026677610767425,330.80032832302277,3,2,0
3040,116,3,12,17.728765582764954,531.8629674829486,2,2,1
5339,79,5,13,19.366047402120728,580.9814220636218,3,2,1
3949,150,1,14,9.631192968407849,288.93578905223546,3,2,0
5261,182,2,18,13.971794654062618,419.15383962187855,3,2,1
4466,69,0,4,10.570115032875043,317.1034509862513,2,2,0
4088,210,8,18,8.72087802025979,261.6263406077937,3,2,1
5823,107,8,7,11.906040057513625,357.18120172540876,3,2,1
2115,139,2,15,9.724251502210553,291.72754506631657,3,2,0
5578,62,1,6,16.519196881210956,495.5759064363287,3,2,1
3590,118,0,16,14.404704964057334,432.14114892172,2,2,1
4573,75,3,8,9.726013651883731,291.7804095565119,2,2,0
3978,124,1,16,8.110899060866172,243.32697182598517,2,2,0
3447,185,1,16,17.697884588290552,530.9365376487166,2,2,1
2230,71,1,3,10.11433287397097,303.4299862191291,3,2,0
3666,177,2,17,15.274599706649191,458.23799119947574,3,2,1
5975,184,1,9,12.043062956920947,361.2918887076284,3,2,1
5925,21,1,3,15.025831259780427,450.7749377934128,3,2,1
5854,130,0,7,11.787843523787888,353.6353057136366,2,2,1
5258,183,4,18,9.04327472830705,271.29824184921154,2,2,1
3594,137,1,12,10.675400102693043,320.2620030807913,2,2,1
4430,213,1,19,10.256702797748908,307.7010839324672,2,2,1
3917,148,2,16,13.136232229275727,394.0869668782718,3,2,1
3952,128,1,17,15.899405401113889,476.98216203341667,2,2,1
2995,124,2,15,11.165672899356291,334.97018698068877,2,2,1
4891,0,1,1,8.144839223607416,244.34517670822248,2,2,0
1306,75,1,2,14.227248371177083,426.81745113531247,3,2,1
2362,127,2,8,15.269113872307665,458.07341616923,3,2,1
3102,119,2,2,19.554445928021718,586.6333778406515,3,2,1
4030,213,3,19,15.073649637118962,452.20948911356885,3,2,1
1332,128,0,9,13.654070712537703,409.6221213761311,3,2,1
3752,113,3,9,14.880819510772445,446.42458532317335,2,2,1
1242,162,2,13,19.134807558344324,574.0442267503297,3,2,1
2884,121,0,6,17.940537747219754,538.2161324165926,3,2,1
2432,182,5,15,11.875744800365696,356.27234401097087,3,2,1
3550,176,3,19,10.847052363885647,325.4115709165694,3,2,1
1302,151,2,15,11.151603348392884,334.5481004517865,2,2,0
5330,224,4,18,14.053052476582556,421.59157429747665,3,2,1
4109,76,2,7,16.928593414742934,507.85780244228806,2,2,1
3186,163,2,11,14.038630486195546,421.15891458586634,3,2,1
5290,175,1,8,8.813556749937351,264.4067024981205,2,2,0
2550,119,1,6,16.68296840527977,500.48905215839306,2,2,1
2792,138,3,8,17.671641544051447,530.1492463215434,3,2,1
1646,64,1,2,11.473974381436635,344.21923144309903,3,2,1
5656,150,0,19,15.969508871400205,479.08526614200616,2,2,1
1712,138,3,16,13.11910281265272,393.5730843795816,3,2,0
5508,55,1,7,18.669432268729313,560.0829680618793,3,2,1
1537,132,0,10,18.14270669792888,544.2812009378664,2,2,1
1234,115,1,12,14.305183979715707,429.1555193914712,3,2,1
3396,179,3,17,16.298066549763135,488.9419964928941,3,2,1
2504,107,1,7,18.600196412265248,558.0058923679575,3,2,1
2374,60,0,8,13.948604120939306,418.4581236281792,2,2,1
5511,80,3,7,11.759008885865864,352.77026657597594,2,2,0
2909,74,0,4,17.043993654914974,511.31980964744923,3,2,1
1915,42,0,3,10.640795057416302,319.22385172248903,3,2,0
4958,174,0,19,12.662373776072505,379.8712132821751,3,2,1
1743,204,1,17,13.7630705823399,412.892117470197,2,3,1
2822,114,1,12,12.457492544937832,373.724776348135,2,3,1
2170,177,0,16,8.885625623248256,266.5687686974477,3,3,0
2527,139,2,10,9.855266171758602,295.65798515275804,3,3,1
3501,145,1,16,8.335735685206949,250.07207055620847,1,3,0
2268,176,0,18,10.777951746576676,323.3385523973003,3,3,0
2500,164,1,15,11.738467298668066,352.154018960042,1,3,0
1589,95,1,11,9.578947823934977,287.3684347180493,2,3,0
1946,242,3,18,12.988753546332987,389.6626063899896,2,3,1
2802,13,3,6,10.13620689775048,304.0862069325144,3,3,0
2672,75,2,1,7.154026152622486,214.62078457867457,3,3,0
1669,47,2,7,10.978331006701133,329.349930201034,1,3,0
1114,126,2,12,9.69784772726242,290.9354318178726,3,3,0
2932,3,1,4,13.485374904653806,404.5612471396142,3,3,1
2994,82,5,10,9.135151367487307,274.0545410246192,3,3,1
886,42,0,2,9.222925913200832,276.68777739602496,2,3,0
2930,104,0,9,11.206187118252881,336.18561354758646,3,3,0
3848,152,0,10,10.215889746611424,306.4766923983427,3,3,0
1905,127,5,11,8.995599020307479,269.86797060922436,2,3,0
623,166,0,14,13.918195325440717,417.54585976322153,2,3,0
3838,53,0,3,8.417484079995335,252.52452239986005,2,3,0
2313,66,1,1,8.220230335880228,246.60691007640682,2,3,0
3682,52,2,7,12.915421028176826,387.4626308453048,3,3,0
3952,65,0,4,6.026983548404444,180.80950645213332,3,3,0
2124,110,2,7,7.610025287239261,228.30075861717782,3,3,0
1681,138,0,16,10.723573506095809,321.70720518287425,1,3,0
1227,130,1,10,7.299604222757319,218.98812668271955,2,3,0
3443,179,2,15,13.886431381788706,416.5929414536612,3,3,1
1641,137,0,16,9.713564979373048,291.40694938119145,3,3,0
2875,119,2,6,10.778912599684407,323.3673779905322,3,3,0
3241,0,0,4,7.282987720841545,218.48963162524635,2,3,0
3639,0,0,4,8.315024806975423,249.45074420926267,2,3,0
858,25,1,4,10.916998261435324,327.50994784305976,2,3,0
3550,177,0,17,10.396426986291182,311.8928095887355,3,3,0
3344,108,1,13,12.27491156352933,368.2473469058799,2,3,1
942,0,1,2,8.153865428594528,244.61596285783585,3,3,0
2711,74,0,6,11.228337173652271,336.8501152095681,1,3,0
1472,42,0,1,8.327804045990923,249.83412137972772,2,3,0
860,68,0,8,10.694020957968963,320.82062873906887,2,3,0
3132,126,0,18,10.840247741481669,325.20743224445005,3,3,0
3690,72,2,4,6.97471289083591,209.2413867250773,2,3,0
1352,106,1,5,10.389064885490129,311.67194656470383,2,3,0
3558,41,4,5,6.09550639963346,182.8651919890038,3,3,0
3766,218,1,15,10.009686010997532,300.29058032992594,3,3,0
2124,107,4,10,11.5801751088646,347.405253265938,3,3,0
2111,83,3,8,6.58266183191991,197.4798549575973,1,3,0
2256,91,0,7,13.509686531336218,405.2905959400865,3,3,0
1523,135,1,12,9.670044255915634,290.10132767746904,2,3,0
2407,33,1,11,13.507330204992495,405.2199061497749,1,3,1
2430,129,0,13,6.85918738952906,205.7756216858718,3,3,0
740,183,2,15,13.599220755356278,407.97662266068835,1,3,1
1165,217,2,17,6.873576795402774,206.20730386208322,1,3,0
3112,179,2,18,9.691966387610687,290.75899162832064,2,3,0
1665,84,1,8,13.503936533814926,405.11809601444776,1,3,0
3379,106,0,6,7.861665603110972,235.84996809332915,3,3,0
1475,194,1,11,6.278279846869872,188.34839540609616,1,3,0
2539,105,0,9,12.344885400225767,370.346562006773,1,3,1
2578,72,2,5,10.767069101352078,323.0120730405623,2,3,0
722,141,1,7,10.111369543211525,303.34108629634574,2,3,0
2327,114,2,15,6.274747074825747,188.24241224477242,3,3,0
2813,89,5,4,11.225850150454761,336.77550451364283,2,3,0
1805,278,0,19,7.372986815076518,221.18960445229555,3,3,0
1287,157,1,13,13.449573441637563,403.4872032491269,3,3,0
2928,68,0,1,11.485815608605456,344.5744682581637,2,3,0
1055,29,1,1,11.656271104270692,349.68813312812074,1,3,0
2609,165,0,14,7.860642180890244,235.81926542670732,2,3,1
3260,150,0,9,13.046030704453747,391.3809211336124,1,3,1
1346,75,2,12,10.301860566265608,309.0558169879682,1,3,0
3068,175,1,18,12.856673422513843,385.7002026754153,3,3,1
1594,120,1,9,8.167579798658208,245.02739395974623,3,3,0
3149,101,2,8,12.04369370478597,361.3108111435791,2,3,0
2059,122,0,14,10.59653522928038,317.8960568784114,1,3,0
639,157,0,9,6.387354446484653,191.6206333945396,2,3,0
3887,79,5,2,9.242738590186296,277.2821577055889,3,3,0
1863,9,0,1,7.471283720987719,224.13851162963158,1,3,0
1089,173,0,13,8.873388703030049,266.20166109090144,2,3,0
2249,170,1,10,9.066813074121779,272.0043922236534,2,3,0
3075,144,1,8,9.799426824227078,293.98280472681233,3,3,0
1040,74,1,7,10.802323541827704,324.0697062548311,3,3,1
3987,121,2,12,10.567821219985593,317.03463659956776,3,3,0
2922,124,0,17,6.311931237639961,189.35793712919883,3,3,0
790,146,2,12,12.005513747909774,360.1654124372932,2,3,0
2590,211,2,16,13.593471075782146,407.8041322734644,3,3,1
3624,132,0,10,8.789450311879733,263.683509356392,3,3,0
1755,206,2,12,7.437975210706068,223.13925632118205,2,3,0
1735,45,1,11,10.320012504923081,309.60037514769243,2,3,0
507,147,0,14,11.639303425953152,349.17910277859454,1,3,1
2157,172,1,13,11.431239156221306,342.9371746866392,2,3,0
982,31,2,2,10.896876620006866,326.90629860020596,1,3,0
2589,40,0,7,7.1698580170256685,215.09574051077004,3,3,0
832,0,0,1,12.694599155223987,380.8379746567196,1,3,0
1756,63,1,3,9.404972499350523,282.1491749805157,1,3,0
3641,86,2,12,7.77174866425496,233.1524599276488,3,3,0
1539,133,1,5,6.690129128504772,200.70387385514317,3,3,0
2616,151,1,12,9.333752919784391,280.01258759353175,3,3,0
2600,50,1,3,10.94378437477846,328.3135312433538,1,3,0
1184,71,1,5,11.323021673212061,339.69065019636184,2,3,0
1493,101,4,1,13.701895291178054,411.0568587353416,2,3,1
2297,226,3,16,7.225184669310059,216.7555400793018,2,3,0
3950,74,2,9,13.886189321580417,416.5856796474125,3,3,1
2324,85,1,10,11.237407044577823,337.1222113373347,3,3,0
3074,95,0,10,9.633832461657612,289.01497384972834,2,3,0
2305,109,0,13,13.105553806785274,393.1666142035582,3,3,1
2202,85,0,16,11.555837935627142,346.67513806881425,1,3,0
562,29,0,4,8.789737718856122,263.69213156568367,1,3,0
760,113,0,14,13.072685572611693,392.18056717835077,3,3,1
3692,117,0,17,11.332923654556279,339.98770963668835,2,3,0
1357,102,3,5,11.590698846353757,347.7209653906127,2,3,1
1763,128,0,13,13.17111910468821,395.13357314064626,1,3,1
1988,78,0,3,9.587329663752442,287.6198899125733,3,3,0
1630,30,0,5,11.255232847678052,337.65698543034154,2,3,1
2530,193,2,16,11.957512173102243,358.7253651930673,2,3,1
679,187,0,19,9.631520465046252,288.94561395138754,3,3,0
3587,165,1,19,6.6676169259023474,200.02850777707042,3,3,0
854,240,2,17,12.171518152754885,365.14554458264655,2,3,1
1433,183,1,18,6.382530821946895,191.47592465840683,3,3,0
3880,177,5,18,11.743315213781905,352.29945641345716,3,3,1
3274,105,0,8,13.287001668196424,398.61005004589276,3,3,0
1088,136,0,18,8.775751986960149,263.27255960880444,2,3,0
2260,109,3,9,6.816494281102615,204.49482843307842,1,3,0
1104,263,0,19,7.862911918326729,235.88735754980186,3,3,0
2728,49,2,10,10.49825251300314,314.9475753900942,2,3,0
673,24,0,2,13.54127794484869,406.2383383454607,1,3,0
2901,165,1,17,10.098261839088934,302.947855172668,2,3,0
853,119,0,13,6.90189830557357,207.0569491672071,2,3,0
3790,107,2,11,11.022265389730704,330.6679616919211,2,3,0
1838,225,0,16,11.862759494303532,355.88278482910596,1,3,0
933,73,2,7,9.146269359942327,274.3880807982698,2,3,0
3452,74,1,3,11.772112514763316,353.1633754428995,1,3,1
2829,138,1,16,8.598582521113517,257.9574756334055,3,3,0
758,197,0,19,12.312721212771308,369.38163638313927,1,3,1
1367,195,0,16,8.728577276560552,261.8573182968166,2,3,0
3106,53,2,2,8.048856732805007,241.4657019841502,1,3,0
2552,119,0,14,13.0334512471326,391.003537413978,2,3,0
2503,105,0,10,10.38778736940317,311.63362108209515,3,3,1
1095,213,2,19,8.281250309933478,248.43750929800433,1,3,0
2168,157,1,11,13.480695117176538,404.42085351529613,3,3,1
893,189,1,18,11.526809403728393,345.80428211185176,1,3,0
835,114,0,11,7.765603197244538,232.96809591733614,2,3,0
2610,178,5,9,10.917138836742245,327.5141651022673,1,3,1
543,166,2,19,12.962870650312198,388.8861195093659,3,3,1
2700,108,3,10,11.569225140320459,347.07675420961374,1,3,1
1353,130,1,3,7.9580732060810435,238.74219618243131,3,3,0
3727,55,1,3,11.190786629556118,335.72359888668353,3,3,1
774,120,0,8,10.953274981761606,328.59824945284817,2,3,1
3929,47,1,6,12.56674930862951,377.0024792588853,1,3,0
925,78,0,1,7.4250607759735985,222.75182327920794,3,3,0
982,31,0,6,11.59707733601088,347.9123200803264,2,3,0
713,0,0,2,6.218965537069616,186.56896611208848,2,3,0
2626,227,2,19,11.56940240508614,347.0820721525842,2,3,1
638,71,0,7,13.683498431508456,410.50495294525365,3,3,1
1449,108,0,11,7.39510612999694,221.85318389990817,1,3,0
597,135,0,11,8.49039818255207,254.7119454765621,3,3,0
1163,55,1,4,10.662972576228409,319.88917728685226,2,3,0
2745,121,1,16,11.859160366858045,355.77481100574136,3,3,1
3332,57,2,5,8.754971123236274,262.64913369708825,3,3,0
2703,47,0,7,11.3140718171211,339.422154513633,2,3,0
1573,204,0,16,13.194230340290664,395.82691020871994,1,3,0
978,203,1,15,11.812470297794096,354.37410893382287,2,3,1
2775,41,1,5,11.688181740817953,350.6454522245386,2,3,0
3069,55,0,1,9.055765267332927,271.6729580199878,3,3,0
2696,91,0,9,13.291434470705607,398.7430341211682,2,3,0
1581,128,0,5,8.218583535688623,246.5575060706587,3,3,0
661,172,0,6,7.642242852957605,229.26728558872816,2,3,0
3410,93,2,3,8.91379146981203,267.41374409436094,2,3,0
2000,72,3,6,11.201249765907953,336.03749297723857,1,3,0
3678,52,1,8,12.893423889556054,386.8027166866816,2,3,1
1950,97,2,6,7.056630258778537,211.6989077633561,1,3,0
894,151,0,16,12.510417418081303,375.31252254243907,2,3,0
1300,110,2,16,12.502587157351961,375.0776147205588,2,3,0
685,62,1,3,10.695354852720689,320.86064558162064,2,3,0
1057,250,0,17,12.085183516624205,362.5555054987262,1,3,1
2480,115,1,6,7.455045585212699,223.65136755638096,3,3,0
945,36,1,6,7.356688006565707,220.70064019697122,1,3,0
1329,186,1,19,12.902400273029816,387.07200819089445,2,3,1
2634,169,1,15,9.985187497876534,299.55562493629606,3,3,1
1772,206,1,19,7.967497714022793,239.02493142068377,2,3,0
3828,0,2,2,11.50984286085059,345.2952858255177,1,3,0
3848,94,1,8,13.135001335473767,394.050040064213,1,3,1
2313,116,4,7,11.058581167554,331.75743502662,3,3,0
2985,101,3,8,8.778760343520137,263.3628103056041,1,3,0
1015,56,0,13,9.865902122344117,295.9770636703235,2,3,0
2100,148,1,15,12.018155687562716,360.5446706268815,3,3,0
1446,167,2,12,6.5400098309791,196.200294929373,2,3,0
1725,132,1,15,7.737316127651538,232.11948382954614,3,3,0
2098,128,1,14,9.700665493195578,291.01996479586734,3,3,0
2178,156,3,7,10.83392771277679,325.0178313833037,2,3,1
1255,158,0,17,8.713324728338595,261.39974185015785,1,3,0
3344,94,4,5,8.387127374959046,251.6138212487714,2,3,0
3751,35,0,10,6.33107356559777,189.9322069679331,1,3,0
3233,149,2,19,6.26081417641158,187.8244252923474,1,3,0
824,261,0,18,8.229558834422605,246.88676503267814,2,3,0
3170,186,2,10,10.244048800716344,307.3214640214903,3,3,0
1186,64,0,2,10.450971971563291,313.52915914689873,2,3,0
1998,0,0,6,9.952219942934951,298.5665982880485,3,3,0
2188,0,0,3,9.279045472022673,278.3713641606802,1,3,0
2499,147,4,19,8.018332714090565,240.54998142271697,3,3,1
2947,30,3,5,9.205555452742257,276.1666635822677,2,3,0
1367,80,2,7,7.110079723084108,213.30239169252323,3,3,0
716,117,0,7,6.922073832208294,207.66221496624883,1,3,0
3356,99,3,10,8.399546054510331,251.98638163530995,1,3,0
3508,30,1,1,13.962790371417757,418.8837111425327,3,3,1
1500,110,1,11,8.611975580131187,258.35926740393563,1,3,0
3975,132,2,7,13.491651122840842,404.7495336852253,1,3,1
2488,123,2,6,9.138097166141552,274.14291498424654,3,3,0
1431,89,1,6,9.512079929596876,285.3623978879063,1,3,0
2512,205,4,13,12.376503065617836,371.2950919685351,3,3,1
739,142,0,16,6.749106619579654,202.47319858738962,3,3,0
1709,203,0,13,7.458506588749116,223.75519766247348,1,3,0
547,21,0,2,13.790722119801718,413.7216635940515,3,3,0
3957,113,2,19,10.047338719685557,301.4201615905667,1,3,0
3779,146,3,19,6.354477457669042,190.63432373007126,1,3,0
3728,132,1,19,6.379045864448404,191.37137593345213,1,3,0
1748,144,0,18,13.257925470219142,397.7377641065743,2,3,1
1667,128,1,6,12.98692071646974,389.6076214940922,1,3,0
3990,48,4,2,9.6671928555608,290.015785666824,3,3,1
3682,137,2,19,7.30577668755679,219.1733006267037,3,3,0
1374,24,1,6,12.642276850899837,379.2683055269951,3,3,0
2397,147,0,15,8.596800858237204,257.9040257471161,2,3,0
2679,148,2,6,9.352467189304763,280.57401567914286,2,3,1
1124,62,0,3,11.459811032394544,343.7943309718363,3,3,0
2359,170,3,11,8.827186827261237,264.8156048178371,3,3,0
2470,115,1,8,11.029359413586345,330.88078240759035,2,3,0
1100,112,0,18,13.082261683540676,392.46785050622026,3,3,1
3220,190,0,17,12.37898615019582,371.36958450587457,1,3,1
2881,136,0,19,9.052888590937282,271.5866577281185,1,3,1
2443,165,0,19,8.303492437629878,249.10477312889634,3,3,0
3646,147,2,17,8.284083589916472,248.52250769749415,1,3,0
2316,62,1,4,8.788729203012664,263.6618760903799,3,3,0
3983,91,3,7,9.948135893798177,298.44407681394534,2,3,0
2583,59,1,5,9.332779845551546,279.98339536654635,3,3,0
3325,146,0,16,7.064032167901263,211.9209650370379,2,3,0
2148,88,0,6,7.307646866671266,219.229406000138,1,3,0
2327,140,2,14,8.743436875185466,262.303106255564,1,3,1
722,39,0,2,10.496512800470859,314.89538401412574,1,3,0
2246,258,1,18,10.741311601067958,322.2393480320387,3,3,1
1029,215,0,18,9.889656519173041,296.68969557519125,2,3,0
2788,129,3,13,11.910207049660116,357.30621148980345,2,3,1
633,183,1,18,11.897990310053892,356.93970930161674,1,3,1
890,172,1,17,9.421019773499108,282.63059320497325,1,3,0
601,147,2,13,6.995526486087554,209.86579458262662,2,3,0
2540,130,1,12,10.241398158136985,307.24194474410956,3,3,0
3228,57,0,3,9.05175251195066,271.5525753585198,1,3,0
3045,85,2,7,7.1033839181096265,213.1015175432888,3,3,0
3058,28,3,1,13.854537679718714,415.63613039156144,1,3,0
3250,54,0,5,8.958043114240818,268.74129342722455,1,3,0
3541,0,2,1,11.006382716969847,330.1914815090954,3,3,0
2500,99,2,4,9.921030890692773,297.6309267207832,3,3,0
1448,62,1,1,7.142626233734129,214.27878701202386,3,3,0
2068,219,1,13,6.444348986980565,193.33046960941692,3,3,0
3914,94,0,14,11.006155320655672,330.1846596196702,2,3,1
1340,138,1,15,7.976174962783085,239.28524888349253,2,3,0
2553,227,3,17,7.94923199690972,238.47695990729162,1,3,0
3505,145,1,12,13.655809517682485,409.67428553047455,1,3,1
693,156,1,7,9.69418643449033,290.8255930347099,1,3,1
1241,241,0,19,6.235408532005514,187.06225596016543,2,3,0
3708,0,2,3,8.718741721198455,261.56225163595366,3,3,0
3459,189,1,18,10.675932338017812,320.27797014053436,1,3,0
972,72,0,4,8.628539348136966,258.856180444109,2,3,0
2763,53,0,3,6.2148156322731385,186.44446896819414,1,3,0
3920,113,1,12,9.554490123733883,286.6347037120165,2,3,0
3423,203,3,12,6.847250689398223,205.41752068194668,3,3,0
3754,169,1,17,10.953280197301634,328.598405919049,2,3,1
3739,0,1,6,10.956696801781504,328.70090405344513,3,3,1
537,132,0,15,6.302073116787206,189.0621935036162,1,3,0
2198,128,0,2,8.325330092795017,249.75990278385052,3,3,0
970,54,1,8,9.30949010991203,279.2847032973609,2,3,0
2999,190,0,14,10.402112782873424,312.0633834862027,1,3,0
2013,116,1,5,8.36850743766556,251.0552231299668,1,3,0
3713,53,2,3,8.301972100411184,249.05916301233555,2,3,0
1512,117,0,10,13.864121250002075,415.9236375000622,3,3,1
2283,83,0,7,6.334902365767199,190.047070973016,2,3,0
2466,106,2,11,13.912363312729216,417.3708993818765,3,3,1
602,128,1,15,6.382015528627172,191.46046585881516,3,3,0
2234,102,0,2,8.306731422357487,249.2019426707246,1,3,0
2235,63,0,5,9.9495268397548,298.48580519264397,3,3,0
541,92,1,11,7.146386744114602,214.39160232343804,1,3,0
3494,125,2,8,7.078770900149791,212.36312700449372,2,3,0
3718,171,4,13,8.050501706087566,241.51505118262696,2,3,0
2613,58,0,11,13.788057468588555,413.64172405765663,1,3,0
3490,145,1,17,9.040934870996512,271.22804612989535,1,3,1
692,97,3,15,10.527958706153534,315.838761184606,3,3,0
3869,155,3,1,11.63433121905317,349.0299365715951,1,3,1
1561,182,3,19,11.937774684193684,358.1332405258105,2,3,1
3049,130,0,16,11.504327730762839,345.12983192288516,1,3,0
2176,166,1,19,8.695425545533798,260.86276636601394,1,3,0
3999,108,1,13,6.8938226188485,206.81467856545498,1,3,0
3211,64,2,4,8.253731802665687,247.61195407997062,3,3,0
2899,167,0,11,7.682361814156053,230.4708544246816,1,3,0
825,182,1,18,7.090218438954534,212.70655316863602,3,3,0
3609,123,1,18,6.19597385401295,185.8792156203885,3,3,0
1620,69,1,10,13.485806792467313,404.5742037740194,1,3,1
607,172,0,17,13.368275092362705,401.04825277088116,3,3,1
3178,110,2,13,6.403336045041354,192.10008135124062,1,3,0
2698,139,1,14,7.384676582563214,221.54029747689643,2,3,0
1597,191,0,7,7.116003771702349,213.48011315107047,2,3,0
3628,69,0,10,8.249783475372139,247.49350426116416,3,3,0
3425,6,2,3,7.632550963829929,228.97652891489787,2,3,0
834,16,0,2,13.566828299182841,407.00484897548523,1,3,0
3823,110,0,19,6.673363492481631,200.20090477444893,3,3,0
2442,142,1,7,7.693366616036026,230.80099848108077,1,3,0
2539,28,1,5,6.6457864366633155,199.37359309989947,3,3,0
1303,20,1,3,13.843082789155492,415.29248367466477,3,3,0
2348,0,1,2,13.347308072776041,400.41924218328126,3,3,0
1266,15,1,6,11.733052718123288,351.99158154369866,3,3,1
1777,149,2,14,9.407784257759307,282.2335277327792,2,3,1
1908,55,0,7,7.52142508419194,225.6427525257582,2,3,0
2806,0,0,2,7.771917800161139,233.1575340048342,2,3,0
3329,118,3,11,9.54432006844809,286.3296020534427,3,3,1
1988,68,0,3,12.145781370691854,364.3734411207556,2,3,0
533,84,0,9,8.11783596799167,243.53507903975012,3,3,0
2873,122,1,8,8.486335300277172,254.59005900831517,2,3,0
1336,185,0,11,10.799554331235765,323.98662993707296,3,3,0
3809,221,3,18,7.901834898226029,237.05504694678086,2,3,0
3238,56,2,1,10.673748970342428,320.2124691102729,2,3,1
2524,182,0,15,9.097047146178276,272.9114143853483,2,3,0
2139,151,0,4,6.274945647210784,188.24836941632353,3,3,0
1238,4,0,4,9.221610289855711,276.64830869567135,3,3,0
1989,145,2,10,13.356202236153159,400.68606708459475,2,3,1
3291,78,0,11,8.344895033067685,250.34685099203054,3,3,0
1827,183,0,18,8.58265911549175,257.4797734647525,1,3,0
2385,102,1,15,6.527527104474295,195.82581313422884,2,3,0
3394,94,2,3,10.920379588554354,327.61138765663065,2,3,0
616,102,1,7,12.793938914386711,383.81816743160135,1,3,0
3778,155,2,7,8.823383144744813,264.7014943423444,3,3,0
2004,170,3,17,7.9219644601599075,237.65893380479721,3,3,0
3197,150,1,16,13.652894833310869,409.58684499932605,3,3,1
2950,146,0,16,11.960580916731907,358.8174275019572,2,3,0
3544,202,2,8,10.537308474266116,316.11925422798345,2,3,0
2533,84,1,3,8.444249330759073,253.32747992277217,2,3,0
2199,203,0,15,7.766384143811207,232.9915243143362,2,3,0
2423,71,1,1,11.725952312003738,351.77856936011216,2,3,0
2110,160,3,10,10.174310537098753,305.2293161129626,3,3,1
2780,0,1,2,10.164798534423849,304.94395603271545,1,3,0
3476,78,3,7,6.58967854937795,197.6903564813385,3,3,0
1807,117,0,14,10.097555814076848,302.92667442230544,3,3,0
3027,160,0,16,12.58195224831595,377.4585674494785,2,3,1
1475,155,2,15,13.574394222366072,407.2318266709822,1,3,1
2556,21,0,7,6.853459179853881,205.60377539561642,1,3,0
1214,140,1,13,11.049321685592567,331.479650567777,3,3,0
2425,29,0,10,10.546778006385974,316.4033401915792,1,3,1
2926,138,1,9,13.122499927585135,393.6749978275541,3,3,1
2928,111,1,9,12.009952241478972,360.29856724436917,3,3,1
1343,132,1,6,13.722094953322506,411.66284859967516,3,3,0
859,134,0,12,13.68026030065597,410.4078090196791,3,3,0
2723,128,1,14,7.805480746761766,234.164422402853,2,3,0
984,27,1,7,11.802806975203378,354.08420925610136,1,3,1
1928,78,0,8,10.244184730919155,307.32554192757465,2,3,0
2580,62,0,8,7.716815961722443,231.5044788516733,2,3,0
1988,113,1,8,7.558952657739206,226.76857973217616,2,3,0
1195,34,1,2,6.648674730130292,199.46024190390875,3,3,0
2704,181,3,14,12.364362211349512,370.93086634048535,3,3,1
1064,164,0,10,8.596038244960077,257.8811473488023,2,3,0
2331,117,0,18,12.855750682631733,385.672520478952,2,3,0
701,173,0,18,10.866522928185717,325.9956878455715,1,3,0
1698,182,2,18,11.389066838707686,341.6720051612306,2,3,1
1767,175,1,16,8.333389996881573,250.0016999064472,3,3,0
3840,97,0,5,9.658354235165469,289.75062705496407,2,3,0
3470,148,3,5,9.298540624664998,278.9562187399499,1,3,1
1969,70,1,10,7.8855093113968096,236.56527934190427,1,3,0
573,108,1,17,12.66009734821434,379.80292044643016,2,3,0
595,141,0,13,10.976676046452969,329.30028139358905,1,3,0
2396,198,3,17,6.299455819624561,188.98367458873685,1,3,0
672,202,0,18,12.559336155029508,376.7800846508852,3,3,0
2422,103,0,13,6.848302048228732,205.44906144686195,1,3,0
3977,112,2,17,9.229571468260474,276.8871440478142,1,3,0
2702,208,2,15,10.570055213043023,317.1016563912907,2,3,0
3754,161,3,12,6.061209965289744,181.8362989586923,3,3,0
3894,109,3,10,11.22326484354349,336.6979453063047,1,3,0
2836,58,2,13,11.277623516482056,338.32870549446164,2,3,0
757,91,0,11,11.220210537061174,336.6063161118352,2,3,0
2721,81,0,3,7.307743504850217,219.2323051455065,2,3,0
829,127,0,10,8.045858614188395,241.37575842565187,2,3,0
1754,67,1,11,7.979006556261922,239.37019668785766,2,3,0
3306,107,1,6,13.680535865437097,410.4160759631129,2,3,1
3567,49,3,1,6.540225497807018,196.20676493421055,1,3,0
660,128,0,6,9.43009206162803,282.9027618488409,3,3,0
685,42,0,5,12.970031246561554,389.10093739684663,3,3,1
642,66,1,7,12.155727955581728,364.6718386674518,2,3,0
3853,130,0,12,12.579536997191415,377.38610991574245,2,3,0
3454,124,3,12,13.778348672978664,413.3504601893599,3,3,1
1139,66,3,7,9.09809449818551,272.9428349455653,1,3,0
2574,129,2,2,8.47724219504369,254.3172658513107,2,3,0
3817,104,2,1,6.2452759212015785,187.35827763604735,3,3,0
701,145,2,18,7.200154894318897,216.0046468295669,3,3,0
3592,134,0,12,10.496117236344194,314.8835170903258,2,3,0
2114,39,3,7,7.2612847604267206,217.83854281280162,3,3,0
3217,255,1,19,11.890440127847285,356.71320383541854,1,3,1
3665,99,3,3,6.2978608393275,188.935825179825,3,3,0
3579,170,4,10,8.075904185903056,242.27712557709168,2,3,0
971,107,0,11,11.563624987107909,346.90874961323726,2,3,0
3910,126,2,5,8.04402259391251,241.3206778173753,3,3,0
2806,93,0,2,11.830083713795712,354.90251141387137,3,3,0
2602,102,3,8,13.966911003445615,419.0073301033685,2,3,1
1410,96,0,14,12.376671643592829,371.30014930778486,1,3,0
2071,116,1,8,8.734683670088021,262.0405101026406,3,3,0
1529,72,0,6,13.20473520502609,396.1420561507827,1,3,0
3948,127,3,1,6.4094378853456755,192.28313656037025,1,3,0
3101,55,3,1,11.800054595578498,354.00163786735493,2,3,1
1573,103,1,8,6.1865786525014,185.59735957504202,2,3,0
2659,150,0,11,7.39644396285572,221.8933188856716,2,3,0
2693,179,1,18,13.900685932308596,417.0205779692579,1,3,1
729,137,0,10,8.887079299954456,266.6123789986337,2,3,0
2246,119,3,12,12.563995025313911,376.91985075941733,2,3,1
3044,123,2,16,9.008693702684816,270.2608110805445,1,3,0
1829,38,1,5,12.720227606382526,381.60682819147576,1,3,0
960,149,1,16,13.723516481014194,411.7054944304258,1,3,0
1306,140,2,12,9.484289947353332,284.5286984206,1,3,0
2431,112,3,6,10.474793534786235,314.243806043587,3,3,1
2773,88,0,5,11.029115919708541,330.87347759125623,2,3,0
558,43,1,1,13.478678417401884,404.36035252205653,3,3,0
1599,149,2,19,8.053952699476463,241.61858098429389,1,3,0
2975,152,3,10,10.889994982669814,326.69984948009443,1,3,1
1227,81,0,14,8.59776182578514,257.9328547735542,1,3,0
1655,12,1,3,7.735465441459356,232.06396324378068,1,3,0
3479,89,2,6,6.679362712185713,200.3808813655714,1,3,0
997,111,2,5,10.96568690988759,328.97060729662775,2,3,1
3363,191,0,17,13.056683830972547,391.7005149291764,3,3,1
1409,169,0,18,8.8111431107561,264.33429332268304,3,3,0
1828,143,0,12,10.421348289543818,312.6404486863145,2,3,0
2614,32,1,5,11.137070362352926,334.1121108705878,2,3,1
729,79,0,9,9.31720142236163,279.51604267084895,2,3,0
3530,114,2,12,13.226782802928465,396.803484087854,3,3,1
832,68,1,9,8.902041289609413,267.0612386882824,3,3,0
2824,59,4,3,7.000086560718749,210.00259682156246,1,3,0
2396,39,2,1,7.152162864413596,214.5648859324079,3,3,0
2107,141,2,15,13.126860916061702,393.80582748185105,3,3,1
1220,109,2,10,13.904064342783677,417.1219302835103,2,3,1
2691,27,0,14,8.311502804573735,249.34508413721204,3,3,0
1774,101,0,7,7.1488218052376915,214.46465415713075,1,3,0
1190,50,1,4,9.857698254049676,295.7309476214903,3,3,0
3651,73,4,5,11.676224508612783,350.2867352583835,2,3,1
556,107,1,16,10.899223264823776,326.9766979447133,2,3,0
3937,121,1,3,13.6088654566609,408.265963699827,1,3,0
2855,234,1,17,12.542223071773025,376.2666921531907,1,3,0
2721,67,0,13,12.951777320512017,388.5533196153605,3,3,1
1985,78,2,6,10.333337270792562,310.0001181237769,1,3,0
1249,112,1,5,8.618201546651601,258.54604639954806,1,3,0
3551,148,1,16,11.613888083684632,348.41664251053896,2,3,0
1177,93,0,11,9.51242431961116,285.3727295883348,2,3,0
1059,144,1,17,8.302033924498597,249.0610177349579,3,3,0
2162,82,0,5,7.21816548537838,216.5449645613514,3,3,0
2204,187,1,6,10.2229936631165,306.68980989349495,3,3,1
3945,153,2,10,10.75402853759935,322.6208561279805,3,3,0
2478,0,1,1,10.5502854612334,316.50856383700204,2,3,0
848,84,0,10,6.932386907468432,207.97160722405297,3,3,0
1590,160,1,17,10.559898556309946,316.7969566892984,3,3,0
2877,29,2,3,7.347312854441128,220.41938563323384,1,3,0
2741,4,0,2,11.309713323611753,339.29139970835257,3,3,0
1678,200,1,17,9.435071973324266,283.052159199728,1,3,0
3731,41,0,4,12.790308701913244,383.7092610573973,2,3,1
2219,70,2,2,12.22612595835023,366.78377875050694,3,3,1
2813,146,1,5,11.79505641213307,353.8516923639921,1,3,1
2715,94,1,10,11.605896794674418,348.17690384023257,3,3,0
2692,48,0,1,10.483904315824816,314.5171294747445,1,3,0
2733,7,2,1,6.488908609026755,194.66725827080265,3,3,0
1385,78,0,4,11.243916988264008,337.31750964792025,2,3,0
1364,138,0,7,9.735377420509721,292.0613226152916,2,3,0
3321,201,2,14,9.756437711948264,292.69313135844794,1,3,0
3994,148,1,14,9.032177563730158,270.96532691190475,1,3,0
3554,173,4,18,13.432567318733685,402.9770195620106,2,3,1
1285,55,0,2,7.995610135619459,239.86830406858377,3,3,0
956,40,0,1,8.532755627278238,255.98266881834715,1,3,0
844,176,0,16,13.704326261884981,411.12978785654946,2,3,1
3282,158,2,18,12.481229882213583,374.43689646640746,1,3,0
1053,141,0,16,6.11269129730296,183.3807389190888,2,3,0
1520,69,0,6,13.248860798894992,397.46582396684977,2,3,1
1287,146,2,10,7.813178390664563,234.39535171993688,1,3,0
2319,87,2,2,11.647460313328509,349.42380939985526,1,3,1
3483,78,2,7,10.424584858937724,312.7375457681317,2,3,1
1204,119,0,17,10.294495068822272,308.83485206466815,3,3,0
1627,68,0,3,11.743370587141754,352.30111761425263,2,3,0
2794,170,3,12,7.657451775155518,229.72355325466552,3,3,0
1311,40,0,2,7.272201046131412,218.16603138394237,3,3,0
3594,67,2,7,11.215300853863615,336.45902561590844,3,3,1
1452,146,0,17,8.324633831237298,249.73901493711895,1,3,0
1314,262,3,19,13.791601661262087,413.7480498378626,2,3,1
2048,139,1,12,9.612094712597386,288.3628413779216,2,3,0
643,147,1,9,6.892776160055722,206.78328480167167,3,3,0
3277,129,4,14,11.486521329376357,344.5956398812907,3,3,1
1362,99,1,2,8.449274339729051,253.47823019187155,3,3,0
1716,112,3,4,7.188699420971218,215.66098262913653,2,3,0
3012,187,2,19,9.382586903119368,281.477607093581,3,3,0
2307,182,0,16,13.713778224698224,411.41334674094674,2,3,1
874,217,0,17,9.29144461109704,278.7433383329112,2,3,0
1176,1,0,2,8.778670125848507,263.3601037754552,1,3,0
3239,159,3,17,9.556071696554433,286.682150896633,3,3,0
3176,207,1,19,6.096925644797187,182.90776934391562,3,3,0
1789,99,1,8,7.0648123087889125,211.94436926366737,3,3,0
3949,109,3,6,12.797396945076862,383.9219083523059,1,3,0
1055,158,1,12,13.82427529675611,414.7282589026833,3,3,1
1362,198,1,18,7.263531884829451,217.90595654488354,2,3,0
2621,40,1,2,10.284142547095268,308.52427641285806,3,3,0
2985,174,0,19,13.730667470445148,411.92002411335443,2,3,1
1380,172,0,10,7.252651009431711,217.5795302829513,2,3,0
2773,67,2,3,7.490476940019602,224.71430820058805,2,3,0
2342,180,0,12,13.414530831427186,402.4359249428156,2,3,1
2855,219,1,16,11.64550117161906,349.3650351485718,3,3,1
1465,99,1,12,7.215733494737286,216.47200484211857,1,3,0
2895,143,4,8,9.147941368948878,274.43824106846637,1,3,0
975,26,0,5,6.450159553717684,193.50478661153053,2,3,0
1838,187,1,11,9.461372271341553,283.84116814024657,3,3,0
1024,117,0,10,12.223211955896296,366.6963586768889,1,3,0
1948,69,2,3,10.431776436689017,312.9532931006705,3,3,0
3071,82,3,9,11.179536974529626,335.38610923588874,1,3,1
1061,111,2,12,8.614561057601673,258.4368317280502,2,3,0
3820,102,3,6,7.291167341958344,218.73502025875032,2,3,0
1068,195,2,19,6.104933406187875,183.14800218563624,2,3,0
1705,147,1,16,12.570498754634762,377.11496263904286,1,3,1
605,177,0,14,11.093236474766304,332.7970942429891,3,3,1
2738,61,0,4,7.834569930301507,235.0370979090452,2,3,0
1660,143,2,18,9.347471680618359,280.42415041855077,3,3,1
1199,143,1,10,12.411546149824915,372.34638449474744,3,3,1
1643,132,1,18,10.309601488731087,309.2880446619326,2,3,1
3378,64,3,12,8.401279011567826,252.0383703470348,1,3,0
571,185,0,19,8.137476137365484,244.12428412096452,2,3,0
1254,52,0,8,7.740912195590605,232.22736586771813,2,3,0
3702,50,1,1,12.589839041073358,377.6951712322007,1,3,0
3004,179,1,14,10.6548828054773,319.64648416431896,3,3,0
1404,117,0,6,11.673257325611715,350.1977197683515,1,3,0
3026,176,3,14,12.880963531179308,386.42890593537925,1,3,1
551,0,1,2,13.89489362024173,416.8468086072519,2,3,1
1503,78,1,9,7.995868692246256,239.87606076738766,1,3,0
3121,131,1,12,7.447219899663303,223.4165969898991,1,3,0
3690,75,1,5,9.695986742351588,290.87960227054765,1,3,0
1787,8,0,2,6.28057023582826,188.4171070748478,3,3,0
1762,163,0,19,12.333743052508225,370.01229157524676,3,3,0
3922,118,0,7,13.070079990675058,392.10239972025175,2,3,1
3440,121,3,7,11.488317589984227,344.6495276995268,2,3,1
2802,97,0,10,8.143960196508875,244.31880589526625,3,3,0
1184,207,0,17,6.9852437919103245,209.55731375730974,1,3,0
3880,93,1,14,9.057153503359107,271.7146051007732,2,3,0
2272,155,1,11,12.666684964042027,380.0005489212608,2,3,1
2130,110,1,6,8.782622430288917,263.47867290866753,1,3,0
2604,123,0,8,6.27403658901312,188.2210976703936,1,3,0
1449,193,0,19,8.194243009801056,245.82729029403168,1,3,0
3974,160,1,19,13.919564880605787,417.5869464181736,1,3,1
3638,194,1,17,11.413350045327066,342.400501359812,1,3,1
3617,157,0,18,13.206838639817022,396.20515919451066,3,3,0
3153,134,0,12,12.198922140008861,365.96766420026586,1,3,0
2173,87,3,9,10.317644122613046,309.5293236783914,2,3,0
2916,144,0,16,7.189510979159842,215.68532937479526,3,3,0
2779,168,0,18,8.789155826845741,263.67467480537226,2,3,0
1925,178,1,16,10.669921802193777,320.0976540658133,1,3,0
3455,195,3,16,12.965058789855936,388.9517636956781,2,3,1
2084,129,0,4,8.149400366919197,244.48201100757592,1,3,0
1546,91,0,7,6.969814954721836,209.09444864165508,2,3,0
3121,5,1,1,10.470658540438539,314.11975621315617,2,3,0
1790,79,2,1,7.412009780144445,222.36029340433336,1,3,0
3388,107,0,8,10.882894154575254,326.48682463725766,2,3,0
2665,96,2,8,8.108171539869856,243.24514619609567,3,3,0
2123,93,0,10,7.847704034404997,235.43112103214992,2,3,0
3626,13,0,1,9.19344611991113,275.8033835973339,3,3,0
1676,120,1,14,10.745534060463566,322.36602181390697,3,3,0
3810,108,3,14,10.362541383594504,310.8762415078351,2,3,0
3836,158,2,10,7.957875817879844,238.73627453639534,3,3,1
2815,199,0,19,13.128933395627008,393.86800186881027,3,3,1
2660,166,1,16,6.879055757881608,206.37167273644826,2,3,0
2713,77,0,9,6.315740504594682,189.47221513784046,1,3,0
3215,201,0,16,10.82165015524958,324.6495046574874,1,3,0
1531,37,0,8,6.987257344523812,209.61772033571435,3,3,0
3261,80,0,7,10.03912651423169,301.1737954269507,3,3,0
3788,172,3,11,13.61418627527706,408.4255882583118,1,3,1
930,0,0,6,11.588642171622322,347.65926514866965,3,3,0
1815,167,2,15,10.939652643182082,328.18957929546247,1,3,0
1392,165,2,19,10.598441798978246,317.9532539693474,2,3,0
1573,151,1,14,7.436314017596742,223.08942052790226,3,3,0
606,140,1,15,9.461182597024834,283.835477910745,2,3,0
3580,101,0,6,8.7401880589341,262.205641768023,1,3,0
1244,159,0,10,13.624594577776502,408.7378373332951,1,3,1
3247,257,3,14,7.9385618509658,238.156855528974,2,3,0
1979,158,1,16,9.772130971168412,293.16392913505234,3,3,0
2870,163,0,13,13.50463490621,405.1390471863,2,3,1
2856,136,1,11,12.31344521951452,369.40335658543563,2,3,0
3397,70,0,3,13.716121914275384,411.4836574282615,3,3,1
1121,158,1,8,10.866642041175929,325.99926123527786,1,3,0
1494,26,0,3,8.670294837967472,260.10884513902414,2,3,0
644,31,0,2,12.613198203712471,378.39594611137414,2,3,0
3287,149,3,14,8.331650170986965,249.94950512960895,1,3,0
1320,120,2,15,7.318182415295087,219.54547245885263,2,3,0
911,53,0,3,11.650310512312059,349.5093153693618,1,3,0
613,69,1,1,11.111645308274875,333.34935924824623,3,3,0
3122,188,1,15,13.031591220763163,390.94773662289487,1,3,1
2946,43,1,2,13.695398062528405,410.86194187585215,1,3,0
3846,219,0,18,12.857580697796433,385.727420933893,2,3,1
623,0,1,1,6.480174380706166,194.405231421185,1,3,0
585,195,0,9,11.316107463858145,339.48322391574436,1,3,0
546,76,0,3,12.277859302912365,368.33577908737095,2,3,0
2399,33,1,2,13.855429794801413,415.6628938440424,1,3,0
3491,100,4,4,8.99729039610107,269.9187118830321,2,3,0
3772,156,1,16,7.359052698169183,220.7715809450755,3,3,0
3847,0,0,1,12.82346449437777,384.70393483133313,1,3,0
2072,108,1,9,8.539733949060443,256.1920184718133,3,3,0
2238,135,1,8,10.78561516635087,323.5684549905261,1,3,0
3701,126,2,6,9.119158113704,273.57474341112,1,3,1
2505,199,3,18,9.21861005406929,276.55830162207866,3,3,1
1303,196,0,16,11.859715833419614,355.7914750025884,3,3,0
2936,116,1,8,8.89180100271951,266.75403008158526,2,3,0
3123,80,2,4,11.544600903763897,346.3380271129169,2,3,0
3834,36,2,3,6.114627643618417,183.4388293085525,3,3,0
2489,146,2,15,8.597179120031008,257.91537360093025,1,3,0
3179,77,2,6,8.552352250829301,256.57056752487904,2,3,0
3849,59,2,1,11.990682287173737,359.7204686152121,1,3,0
3261,236,6,18,8.516456928205024,255.4937078461507,2,3,0
1569,98,1,11,11.066617058920663,331.9985117676199,2,3,0
1691,8,2,3,11.50819521686292,345.24585650588756,2,3,0
3169,201,2,13,11.267404353576921,338.02213060730764,3,3,0
545,127,0,17,10.826349448389315,324.79048345167945,1,3,0
3271,198,1,18,9.308934794795157,279.2680438438547,3,3,0
1039,157,1,14,8.986439821470483,269.59319464411453,2,3,0
586,72,0,7,10.516672467007117,315.5001740102135,3,3,0
3350,110,0,7,6.5096248198746105,195.2887445962383,3,3,0
1908,98,1,14,13.00655873641221,390.19676209236627,3,3,1
764,220,1,15,12.602521144242745,378.07563432728233,1,3,0
3593,246,3,12,8.771077736297517,263.1323320889255,3,3,0
1202,175,0,12,10.53455298708505,316.0365896125515,3,3,0
1973,66,1,8,13.457821585475706,403.7346475642712,3,3,1
2779,84,4,16,8.173094379296774,245.19283137890324,3,3,0
685,126,1,9,11.939642141558828,358.1892642467648,3,3,0
825,0,0,2,6.661854458568041,199.85563375704123,3,3,0
1706,125,0,14,10.18697717976777,305.60931539303306,3,3,0
896,223,1,16,13.071753035578382,392.15259106735147,2,3,0
2004,139,1,5,10.413674273192587,312.4102281957776,3,3,0
1926,144,1,5,10.93002261469681,327.9006784409043,3,3,0
1940,182,1,18,13.261114346476353,397.8334303942906,1,3,0
3773,219,2,18,11.722885120398423,351.6865536119527,2,3,0
1588,0,1,5,11.566957441794123,347.0087232538237,3,3,0
1455,63,1,11,10.691072176743187,320.73216530229564,1,3,0
1054,122,0,13,11.063908913539347,331.91726740618043,3,3,0
3280,117,6,3,12.429643392132938,372.88930176398816,3,3,1
1540,153,1,17,13.833864666377956,415.01593999133866,3,3,1
3344,211,1,18,12.362602832065503,370.8780849619651,3,3,0
3754,100,1,14,11.66029465301597,349.8088395904791,3,3,0
2938,140,2,12,7.084359068892119,212.53077206676357,1,3,0
543,163,0,14,12.536643099533546,376.0992929860064,3,3,1
1400,209,1,18,11.887954939189624,356.63864817568873,1,3,1
2223,37,2,2,12.163457563209871,364.9037268962961,3,3,0
981,92,1,7,7.848771825946495,235.46315477839485,1,3,0
2536,98,2,15,13.227549572327423,396.82648716982266,2,3,1
1786,105,0,10,6.7782509467748975,203.3475284032469,3,3,0
1697,203,2,15,8.028896445535572,240.8668933660672,2,3,0
1964,155,0,17,11.304187506595213,339.1256251978564,2,3,0
1065,93,1,11,11.389715710648122,341.6914713194437,2,3,0
2767,82,1,2,8.506596530406599,255.19789591219796,3,3,0
3965,280,3,18,11.612158216894517,348.3647465068355,2,3,1
1271,158,2,4,9.103444301238977,273.1033290371693,1,3,0
1718,112,0,9,6.001404126863386,180.04212380590158,3,3,0
2956,206,2,17,7.300849058299068,219.02547174897205,2,3,0
970,246,3,17,13.060946201745395,391.82838605236185,3,3,1
1870,205,6,17,7.781552093835351,233.44656281506053,2,3,1
3632,186,2,16,6.903282710871007,207.0984813261302,1,3,0
2713,86,1,8,11.457604847465557,343.72814542396674,3,3,1
1171,249,1,15,9.525651539277888,285.76954617833667,3,3,0
1674,66,0,1,12.372727491181156,371.18182473543465,2,3,0
610,171,0,19,12.891559476526306,386.74678429578915,1,3,1
3096,126,0,15,12.767911019097852,383.03733057293556,3,3,1
1526,27,0,9,8.504073753575145,255.12221260725437,2,3,0
3584,16,2,5,10.044367503745313,301.3310251123594,1,3,0
3733,143,3,16,11.201133877175714,336.0340163152714,1,3,1
843,176,1,13,8.57586469827299,257.2759409481897,1,3,0
1972,181,2,16,6.328794522824145,189.86383568472436,1,3,0
2879,77,2,11,9.965315058375353,298.9594517512606,3,3,1
2811,111,3,13,6.1025466677247495,183.07640003174248,3,3,0
2630,89,0,6,13.605164997807577,408.1549499342273,1,3,1
1276,242,2,17,12.373469168584212,371.2040750575263,2,3,1
3471,45,4,5,7.536078212188756,226.0823463656627,2,3,0
2881,184,0,17,8.300573991135426,249.0172197340628,1,3,0
1903,20,0,1,13.862708384155507,415.88125152466523,1,3,1
3790,63,2,5,8.988388433130435,269.65165299391305,2,3,0
1157,23,0,5,12.269778859471138,368.09336578413416,1,3,1
2333,116,1,7,9.574523747354036,287.2357124206211,1,3,0
2332,148,2,16,12.91276739280488,387.3830217841464,3,3,1
953,164,1,18,11.630028065292072,348.90084195876216,3,3,1
3220,127,2,6,6.183280479129275,185.49841437387823,1,3,0
1240,92,1,2,8.355119087513899,250.65357262541696,1,3,0
2269,104,0,13,10.46393851914762,313.91815557442857,3,3,0
3660,131,2,10,13.40939235255803,402.2817705767409,1,3,1
2880,164,2,11,6.816239157131923,204.4871747139577,3,3,0
2857,43,1,2,10.809300301688536,324.2790090506561,3,3,0
3274,130,2,8,8.41741385130126,252.5224155390378,2,3,0
1943,169,0,19,13.114622256155522,393.4386676846657,3,3,0
2248,172,4,17,12.121356877268106,363.64070631804316,2,3,1
2901,125,1,16,8.957621776074284,268.7286532822285,2,3,1
1323,178,0,10,7.3368253112689095,220.10475933806728,3,3,0
3671,55,1,5,6.091983779178382,182.75951337535147,1,3,0
644,119,2,14,10.96907560537559,329.0722681612677,3,3,0
3581,155,3,19,9.24899046104995,277.4697138314985,2,3,0
2506,65,0,4,8.518051942886153,255.54155828658457,3,3,0
1567,122,1,16,13.884018333094684,416.52054999284053,3,3,1
2286,131,2,15,9.72913708448252,291.8741125344756,2,3,0
1909,133,0,9,11.998714269163393,359.9614280749018,3,3,0
2262,86,3,3,7.41929933800989,222.5789801402967,3,3,0
1409,58,2,9,6.10764206193451,183.2292618580353,2,3,0
1260,207,1,18,9.340500955584128,280.2150286675238,1,3,0
3042,73,2,4,11.325318679541294,339.75956038623883,2,3,0
2016,232,1,19,10.052789569467675,301.58368708403026,2,3,1
3740,118,0,4,13.123730060995129,393.7119018298539,3,3,0
3189,42,1,9,9.471834809497318,284.15504428491954,2,3,0
1030,73,1,1,8.48802250522473,254.6406751567419,3,3,0
1859,103,0,1,13.328389409661149,399.85168228983446,3,3,1
2527,190,0,19,9.254418229075046,277.6325468722514,3,3,0
3060,86,1,3,8.157182893116893,244.71548679350678,2,3,1
2677,128,2,10,6.781288614480643,203.4386584344193,2,3,0
1507,175,2,12,12.346478185726568,370.39434557179703,3,3,1
2037,199,2,18,12.600731686382744,378.0219505914823,1,3,0
1773,66,1,14,6.266382268521376,187.9914680556413,1,3,0
3281,110,1,10,8.869164787212199,266.074943616366,2,3,0
1446,107,1,10,11.999011636783678,359.97034910351033,3,3,0
1661,207,1,18,13.571054779904431,407.1316433971329,3,3,1
1798,95,2,1,9.02254627075924,270.67638812277715,2,3,0
1501,145,1,15,12.97642745103595,389.29282353107845,1,3,1
3011,55,2,8,9.14976325225756,274.4928975677268,2,3,0
2688,81,3,3,7.435957017941185,223.07871053823555,2,3,0
2467,142,0,18,6.0275691502149575,180.82707450644872,3,3,0
3827,97,4,9,8.641448185223037,259.24344555669114,2,3,0
1381,268,3,16,9.027800405818972,270.8340121745692,1,3,0
2347,127,1,15,13.560940231098689,406.82820693296065,2,3,1
3003,17,2,5,7.648562019364983,229.45686058094947,3,3,0
2475,168,2,13,9.057845664140038,271.7353699242011,1,3,0
2981,119,1,7,6.201233038584905,186.03699115754716,3,3,0
2130,203,2,16,12.108317880731091,363.24953642193276,2,3,1
672,119,0,7,13.321129890039893,399.6338967011968,2,3,1
972,163,0,16,7.902565178211935,237.07695534635806,2,3,0
1946,145,1,13,9.431960885121317,282.9588265536395,3,3,0
3567,213,2,17,6.976900970927952,209.30702912783855,2,3,0
3464,176,2,9,9.654683442503126,289.6405032750938,1,3,1
2986,95,4,12,7.066739709152763,212.0021912745829,1,3,0
3563,134,5,13,10.186787955353218,305.6036386605965,3,3,1
3628,132,1,9,11.876976323457864,356.30928970373594,3,3,1
997,80,0,5,10.426742198513345,312.80226595540034,3,3,0
2716,34,4,7,7.961756627099008,238.85269881297023,2,3,0
1488,15,0,1,8.83036788375124,264.9110365125372,1,3,0
2105,84,2,4,11.10858190164506,333.2574570493518,1,3,0
3108,62,0,4,10.718043342314601,321.541300269438,1,3,0
2975,158,3,16,7.094198304970668,212.82594914912005,3,3,0
918,163,0,5,12.759595788528822,382.78787365586464,3,3,1
1870,71,2,4,9.801511297976123,294.0453389392837,2,3,0
3002,102,3,6,7.298953796211144,218.9686138863343,3,3,0
1213,59,0,3,6.982612340597834,209.478370217935,1,3,0
2749,102,0,8,13.724414197161042,411.73242591483125,2,3,0
678,167,0,17,8.252280889388368,247.56842668165103,3,3,0
2604,90,0,18,13.268748703331006,398.0624610999302,3,3,0
2429,134,0,18,9.284682390151511,278.5404717045453,1,3,0
1445,118,1,12,9.087371443625521,272.6211433087656,2,3,0
2518,70,0,1,11.607431757195457,348.2229527158637,3,3,0
3048,124,2,12,6.0790663022036915,182.37198906611076,3,3,0
1238,84,0,11,8.704716173043124,261.1414851912937,2,3,0
2456,176,1,13,8.421165697534471,252.63497092603413,2,3,0
611,108,0,3,12.944784754272371,388.3435426281711,3,3,0
3719,37,1,8,10.232988312166267,306.989649364988,3,3,1
1214,57,0,3,8.916561257794015,267.4968377338205,1,3,0
1901,64,1,17,8.128634482397745,243.85903447193235,2,3,0
3424,141,4,13,10.724078470485033,321.72235411455097,3,3,1
2438,195,2,10,7.213385124346917,216.40155373040753,3,3,0
3919,179,2,17,7.969638148070253,239.08914444210757,3,3,0
1881,8,2,3,8.348897320517999,250.46691961553995,3,3,0
3627,89,2,13,10.863271580855528,325.89814742566585,1,3,0
1312,40,0,6,8.986039672131803,269.5811901639541,2,3,0
3887,140,5,14,10.046266400960395,301.3879920288118,3,3,1
3511,34,0,10,11.203506110132693,336.10518330398077,2,3,0
1708,176,1,16,13.650172806461498,409.5051841938449,2,3,0
3625,210,3,18,12.11869917682202,363.5609753046606,3,3,1
536,124,1,13,9.242054244576861,277.26162733730587,3,3,0
2328,191,0,10,11.986202995178054,359.58608985534164,3,3,0
3560,70,2,6,13.5975534473537,407.926603420611,1,3,1
3841,163,1,10,9.995044365233,299.85133095698995,3,3,0
3410,19,1,5,9.283975464983119,278.51926394949356,2,3,0
3279,99,2,6,6.624149592005892,198.72448776017677,2,3,0
1751,104,0,7,13.138962965206897,394.1688889562069,1,3,0
3999,99,2,11,7.971474246349245,239.14422739047734,3,3,0
1309,164,0,16,6.511663174553116,195.34989523659348,3,3,0
3572,107,2,12,10.297627892728665,308.92883678185996,1,3,0
522,113,0,12,12.767197167692201,383.01591503076605,1,3,1
2026,63,1,5,9.25308044498442,277.5924133495326,3,3,0
1295,101,0,16,12.264539761272129,367.9361928381639,3,3,1
995,98,0,6,12.691168058271966,380.735041748159,2,3,0
1399,135,2,9,9.63522847055891,289.05685411676734,3,3,1
924,55,0,5,10.72764052752379,321.8292158257137,3,3,0
3247,172,1,16,10.271298388311521,308.13895164934564,2,3,1
2565,137,0,18,13.513566893076012,405.40700679228036,2,3,1
2482,146,3,19,11.80404548073409,354.1213644220227,2,3,1
1968,115,1,12,13.402742486160903,402.08227458482713,2,3,1
3174,88,3,2,7.760079824495775,232.80239473487325,1,3,0
3610,106,0,10,8.481894814661363,254.4568444398409,2,3,0
1733,108,0,12,6.5673077854405415,197.01923356321623,1,3,0
2297,165,2,14,9.999263653566462,299.9779096069939,2,3,0
2758,142,1,18,12.991389435087285,389.74168305261855,2,3,1
1064,132,0,19,8.614773577045725,258.44320731137174,2,3,0
3519,73,2,6,7.026256855594652,210.78770566783956,3,3,0
1804,35,0,5,6.547570039432424,196.4271011829727,1,3,0
2356,110,0,16,9.580002180189236,287.4000654056771,2,3,0
632,178,0,14,7.312173957030106,219.36521871090318,3,3,0
948,222,0,13,8.768832231080829,263.06496693242485,1,3,0
2811,0,1,2,12.559838464659496,376.7951539397849,1,3,0
2330,29,0,2,9.072379062060195,272.1713718618058,3,3,0
2658,137,1,12,10.878967346050846,326.3690203815254,1,3,0
1349,0,1,1,10.017280446582518,300.51841339747557,3,3,0
1761,178,1,19,11.74826634376029,352.4479903128087,2,3,0
1980,156,1,16,7.24931967190055,217.4795901570165,3,3,0
1400,115,2,7,13.363528291868949,400.90584875606845,1,3,1
683,51,0,1,5.587070944084491,167.61212832253474,3,4,0
1228,91,0,5,6.426053731692345,192.78161195077035,3,4,0
2404,25,1,3,7.573449105722387,227.20347317167162,3,4,0
251,60,0,4,5.705869150690527,171.1760745207158,3,4,0
442,159,1,19,5.515970362894829,165.47911088684486,3,4,0
1886,215,1,15,4.453310606741318,133.59931820223954,3,4,0
2667,128,3,19,4.525969172199763,135.77907516599288,3,4,0
2040,186,1,16,6.98271033014823,209.4813099044469,3,4,1
624,63,0,8,5.245146227929685,157.35438683789056,3,4,0
2327,101,1,14,3.8176310430406017,114.52893129121806,3,4,0
894,57,0,5,3.472643820002478,104.17931460007435,3,4,0
553,89,0,1,5.364600584308897,160.9380175292669,3,4,0
1889,156,0,19,5.3247751180886524,159.74325354265957,3,4,0
492,0,0,5,6.26729139102698,188.01874173080938,3,4,0
916,21,1,3,5.355337388725704,160.66012166177111,3,4,0
728,175,1,17,3.7173785206710734,111.5213556201322,3,4,0
679,26,1,7,5.539014423992568,166.17043271977704,3,4,0
676,194,0,17,7.5339470194301255,226.01841058290375,3,4,0
224,70,0,13,3.797207058101062,113.91621174303185,3,4,0
2678,132,2,14,6.448773204888745,193.46319614666237,3,4,0
2564,183,5,12,5.969296324827633,179.07888974482898,3,4,0
837,102,1,11,6.742928633559013,202.2878590067704,3,4,0
2605,0,0,1,3.753001367137964,112.59004101413892,3,4,0
1499,50,0,3,7.7080266845299725,231.24080053589918,3,4,0
889,106,0,12,6.104832138835793,183.1449641650738,3,4,0
543,155,1,9,7.235355688455684,217.0606706536705,3,4,0
1654,78,0,2,4.233033818401178,126.99101455203534,3,4,0
2806,167,1,14,6.697064446989808,200.91193340969423,3,4,0
911,80,2,5,6.905153521669595,207.15460565008786,3,4,0
2810,50,1,3,4.987176361935378,149.61529085806134,3,4,0
638,122,1,12,4.919767264417111,147.5930179325133,3,4,0
1654,62,1,12,6.288981325128747,188.6694397538624,3,4,0
342,91,1,7,3.4670384088010797,104.01115226403239,3,4,0
1983,6,0,1,6.678120751087545,200.34362253262634,3,4,0
1067,55,1,3,3.214433799197055,96.43301397591165,3,4,0
2600,135,3,11,3.95295150560413,118.58854516812389,3,4,0
1688,124,2,13,6.320718786206836,189.62156358620507,3,4,0
667,147,0,10,3.491618335459819,104.74855006379457,3,4,0
1687,139,0,19,7.85921045738395,235.7763137215185,3,4,0
1076,42,0,4,7.3419810473095035,220.2594314192851,3,4,0
1617,66,2,5,6.131511662033683,183.94534986101047,3,4,0
1118,169,1,11,7.095287278346749,212.85861835040248,3,4,0
2009,103,0,9,7.43790024294784,223.1370072884352,3,4,0
1976,148,3,13,4.2973782478590925,128.9213474357728,3,4,0
1281,205,1,17,7.247057939746598,217.41173819239793,3,4,0
1349,129,0,15,3.973968918188009,119.21906754564027,3,4,0
1040,174,1,13,5.066711320744076,152.0013396223223,3,4,0
2299,138,1,11,5.791298156242997,173.7389446872899,3,4,0
1211,92,1,1,6.569454815370162,197.08364446110485,3,4,0
1013,78,0,8,3.15070658861264,94.5211976583792,3,4,0
2516,73,3,5,4.452547063890945,133.57641191672835,3,4,0
2343,163,0,16,6.0425954910519515,181.27786473155854,3,4,0
472,59,0,4,4.786843395745594,143.60530187236782,3,4,0
1916,222,2,19,6.875125278147467,206.25375834442403,3,4,0
2380,165,0,18,6.258260805753581,187.74782417260744,3,4,0
2336,3,0,2,4.172007268618679,125.16021805856037,3,4,0
2932,193,1,13,3.7296448979616654,111.88934693884997,3,4,0
204,234,0,16,6.145234967935252,184.35704903805757,3,4,0
556,31,0,8,5.252336638523788,157.57009915571365,3,4,0
1566,211,2,19,3.844785205506593,115.34355616519778,3,4,0
403,83,0,3,4.631871026591886,138.9561307977566,3,4,0
1796,191,0,19,4.515233741592933,135.457012247788,3,4,0
2718,238,2,17,3.5406598616968754,106.21979585090627,3,4,0
2711,58,2,9,5.734545096326141,172.0363528897842,3,4,0
696,143,0,17,6.818243169562771,204.5472950868831,3,4,0
901,42,0,1,5.877334444264935,176.32003332794807,3,4,0
1036,98,0,4,7.131456824686762,213.94370474060284,3,4,0
262,198,0,15,3.6378427360771566,109.1352820823147,3,4,0
1779,82,1,12,5.178059289111119,155.34177867333358,3,4,0
438,99,1,17,6.047075518290495,181.41226554871486,3,4,0
739,167,2,12,6.380007804709536,191.4002341412861,3,4,0
397,162,0,16,6.478931532117135,194.36794596351405,3,4,0
980,145,1,13,6.644827135489405,199.34481406468214,3,4,1
229,150,0,11,6.257149060980083,187.7144718294025,3,4,0
2913,117,0,15,3.4711404447043384,104.13421334113015,3,4,0
1432,148,0,16,6.476528388011483,194.29585164034447,3,4,0
1286,98,0,6,6.6239132838719375,198.7173985161581,3,4,0
1280,79,0,11,7.967399671668136,239.02199015004408,3,4,0
2055,138,2,15,6.466812183505629,194.0043655051689,3,4,0
1798,79,1,5,6.434151978757745,193.02455936273236,3,4,0
1828,79,1,3,5.57406645090986,167.2219935272958,3,4,0
2847,0,0,2,7.3396145429255695,220.18843628776708,3,4,0
1217,64,0,1,7.9841738098057915,239.52521429417374,3,4,0
2867,172,1,15,6.89522435098716,206.8567305296148,3,4,0
1269,17,1,2,6.062501889289042,181.87505667867126,3,4,0
2324,187,4,6,3.394774134657841,101.84322403973522,3,4,0
2976,97,2,12,6.633695658648138,199.01086975944415,3,4,0
1392,202,3,16,6.5428078429097525,196.28423528729257,3,4,1
1013,153,0,14,6.8778407390471585,206.33522217141476,3,4,0
1352,55,2,4,3.6227769419974467,108.68330825992341,3,4,0
1936,107,2,8,6.268662500630717,188.05987501892153,3,4,0
2955,157,2,12,4.478619524758374,134.35858574275122,3,4,0
2083,266,2,14,6.801356217014169,204.04068651042505,3,4,0
467,81,1,13,4.201869770157331,126.05609310471993,3,4,0
1973,0,3,5,6.419893384102053,192.5968015230616,3,4,0
784,95,2,12,4.474964734919898,134.24894204759696,3,4,0
2666,108,0,10,3.0449714640871557,91.34914392261467,3,4,0
2090,208,0,19,6.166789559865477,185.0036867959643,3,4,0
1384,142,1,13,3.5663454157946117,106.99036247383835,3,4,0
1281,100,1,9,6.29645736394107,188.8937209182321,3,4,0
583,184,1,11,7.628047241784687,228.8414172535406,3,4,0
2757,38,0,5,7.846229671055451,235.38689013166353,3,4,0
629,200,0,13,4.179615436638063,125.38846309914189,3,4,0
2825,144,2,10,7.046266138253275,211.38798414759825,3,4,0
1249,238,1,18,4.767766384362202,143.03299153086604,3,4,0
2033,122,2,15,7.502285363739912,225.06856091219734,3,4,0
2836,126,3,12,6.937447843146869,208.12343529440608,3,4,0
997,13,2,4,3.369608583228818,101.08825749686454,3,4,0
571,82,0,5,5.035684969386386,151.0705490815916,3,4,0
1259,111,1,8,4.68658913004837,140.5976739014511,3,4,0
2013,160,2,5,6.925905103616385,207.77715310849155,3,4,0
2048,41,0,1,5.051428553265795,151.54285659797387,3,4,0
1490,118,1,18,6.422941988265419,192.68825964796255,3,4,0
2387,219,0,19,6.012176277952202,180.36528833856605,3,4,0
266,155,2,19,7.8781935954881686,236.34580786464505,3,4,0
1214,64,1,10,7.6889247840080746,230.66774352024223,3,4,0
1753,130,0,9,5.138497573693593,154.15492721080778,3,4,0
1592,27,4,1,6.617891058205746,198.5367317461724,3,4,0
2508,45,3,3,7.147300469906109,214.41901409718326,3,4,0
2874,195,1,13,7.494428769310726,224.83286307932178,3,4,0
1901,103,1,6,3.3406713188824186,100.22013956647255,3,4,0
778,111,2,6,4.510393996367484,135.31181989102453,3,4,0
1805,123,1,18,4.601150204842609,138.03450614527827,3,4,0
1426,108,2,5,5.172229756099393,155.16689268298177,3,4,0
2886,164,2,17,3.846323753577095,115.38971260731284,3,4,0
2158,46,2,3,5.4810293997500406,164.4308819925012,3,4,0
2178,96,2,5,6.31607163649228,189.4821490947684,3,4,0
609,54,0,3,5.486819601083589,164.60458803250765,3,4,0
1911,85,2,13,6.3289654759880785,189.86896427964234,3,4,0
2360,198,2,15,3.3322081590895016,99.96624477268504,3,4,0
2870,222,3,17,7.379936658537051,221.39809975611155,3,4,0
1039,131,1,15,7.6953459605053425,230.8603788151603,3,4,0
388,94,0,5,6.089537120593243,182.68611361779728,3,4,0
476,183,1,14,7.406954993184485,222.20864979553454,3,4,0
1960,43,0,11,3.6572300832410622,109.71690249723187,3,4,0
2350,141,4,14,6.987244600381551,209.61733801144652,3,4,0
2354,0,0,7,3.59574096736297,107.8722290208891,3,4,0
2139,99,4,3,5.040051157487683,151.2015347246305,3,4,0
2177,132,1,10,4.619092672791375,138.57278018374126,3,4,0
2420,96,1,11,5.927959126102271,177.83877378306815,3,4,0
1198,76,1,6,4.507572676197667,135.22718028593002,3,4,0
921,60,1,5,6.186568148335663,185.5970444500699,3,4,0
1414,62,2,13,4.83693644575979,145.1080933727937,3,4,0
1893,178,0,12,7.3039519051523225,219.1185571545697,3,4,0
2472,202,2,19,6.169419201098058,185.08257603294174,3,4,0
1907,176,0,19,4.076491486607231,122.29474459821692,3,4,0
2381,69,1,5,4.680647110140435,140.41941330421304,3,4,0
1260,135,1,9,7.237104438133279,217.11313314399837,3,4,0
2340,8,2,4,4.932398749937293,147.97196249811878,3,4,0
2322,129,3,15,5.6789953278282255,170.36985983484675,3,4,0
2430,67,1,3,6.244709679761664,187.3412903928499,3,4,0
916,135,1,7,4.739048247929584,142.1714474378875,3,4,0
658,45,0,14,4.469893153790341,134.09679461371024,3,4,0
1901,186,1,14,5.376274513040143,161.2882353912043,3,4,0
826,73,0,9,4.074404860463946,122.23214581391838,3,4,0
2656,47,1,3,4.421052934595317,132.6315880378595,3,4,0
406,103,0,9,3.3103924201601806,99.31177260480541,3,4,0
1556,17,0,4,4.5198513798550275,135.59554139565083,3,4,0
872,116,0,17,4.603520466817846,138.1056140045354,3,4,0
2177,86,0,6,7.809165831456598,234.27497494369794,3,4,0
2139,233,0,16,5.9486441273294,178.459323819882,3,4,0
2995,141,1,18,6.936912127079028,208.10736381237083,3,4,0
472,95,0,13,3.226886263901612,96.80658791704836,3,4,0
2626,42,1,7,3.5326834680418595,105.98050404125578,3,4,0
2873,44,0,3,7.072684804312962,212.18054412938886,3,4,0
2911,53,3,6,6.1177477470881785,183.53243241264536,3,4,0
1249,20,1,3,3.9549101527010144,118.64730458103043,3,4,0
2927,149,3,12,5.023977029308691,150.71931087926072,3,4,0
2791,37,5,5,5.693362499908114,170.8008749972434,3,4,0
2980,235,1,17,7.218049145687209,216.54147437061627,3,4,0
2077,62,0,10,3.302059958472471,99.06179875417413,3,4,0
290,131,0,7,5.983611446836812,179.50834340510434,3,4,0
675,140,0,4,6.585179607933419,197.5553882380026,3,4,0
2246,167,2,10,7.889459289552297,236.68377868656893,3,4,0
925,133,1,7,7.035800391460922,211.07401174382767,3,4,0
1411,154,1,11,4.381136567826367,131.43409703479102,3,4,0
733,102,0,8,6.547895969391325,196.43687908173976,3,4,0
2945,156,3,8,6.8163894246348855,204.49168273904655,3,4,0
284,59,0,5,6.648677499591976,199.4603249877593,3,4,0
2839,114,2,5,7.10072033975935,213.0216101927805,3,4,0
1040,130,0,7,7.518649881068188,225.55949643204565,3,4,0
276,82,0,4,3.4921493449467014,104.76448034840104,3,4,0
2577,40,1,2,3.523819288405594,105.71457865216783,3,4,0
2630,206,1,19,6.98199994385323,209.45999831559692,3,4,0
2624,46,3,2,4.2618623826073545,127.85587147822064,3,4,0
2588,151,3,16,3.2927071097503897,98.7812132925117,3,4,0
1400,167,2,12,5.006145904903029,150.18437714709086,3,4,0
2671,170,3,15,7.099384559130391,212.98153677391173,3,4,0
2190,141,0,10,3.632825119069902,108.98475357209706,3,4,0
2421,104,4,6,6.359209859022338,190.77629577067012,3,4,0
605,159,1,13,3.0180793088578386,90.54237926573516,3,4,0
2329,133,0,6,3.54868723606225,106.4606170818675,3,4,0
220,39,0,2,4.754251728842434,142.62755186527303,3,4,0
2938,145,4,14,3.41801140512207,102.5403421536621,3,4,0
597,196,1,18,7.229508337185565,216.88525011556695,3,4,1
2577,0,1,6,7.320352515727344,219.6105754718203,3,4,0
2472,230,4,19,6.777853515497621,203.33560546492862,3,4,0
2000,117,2,14,4.212398156978088,126.37194470934263,3,4,0
2008,221,4,13,5.616235376199899,168.487061285997,3,4,0
1093,125,0,8,3.920942627616857,117.6282788285057,3,4,0
2144,116,2,5,4.406392250365554,132.19176751096663,3,4,0
637,181,2,13,5.580026460868956,167.40079382606868,3,4,0
1495,64,1,6,6.6750690423039885,200.25207126911965,3,4,0
1503,171,0,19,3.4732719019681957,104.19815705904587,3,4,0
422,60,2,11,4.483483488140431,134.50450464421291,3,4,0
1810,222,1,16,7.633106742859611,228.99320228578833,3,4,0
2160,23,1,5,5.145616588909441,154.36849766728324,3,4,0
708,140,3,12,7.694348369546572,230.83045108639715,3,4,1
2864,225,2,17,7.957002707760678,238.71008123282033,3,4,0
1265,107,0,2,5.63329913055708,168.9989739167124,3,4,0
1399,104,1,10,4.440220048924253,133.20660146772758,3,4,0
1468,81,0,15,6.953884042862895,208.61652128588685,3,4,0
1476,196,1,19,3.7965536776250746,113.89661032875223,3,4,0
1497,184,1,17,4.260234298360353,127.80702895081059,3,4,0
803,203,1,19,6.924399547496411,207.73198642489234,3,4,0
1234,169,0,19,5.1682296236601495,155.04688870980448,3,4,0
2399,133,1,13,4.007689684938334,120.23069054815001,3,4,0
388,106,0,13,6.255628724761622,187.66886174284866,3,4,0
875,169,1,16,6.663809306908414,199.9142792072524,3,4,0
837,91,1,3,3.625356197252845,108.76068591758536,3,4,0
2458,77,1,4,4.384901299874671,131.54703899624013,3,4,0
2196,84,0,7,4.106383776861167,123.191513305835,3,4,0
2044,108,2,3,4.899273143812261,146.9781943143678,3,4,0
2586,122,2,9,6.817224477880322,204.51673433640968,3,4,0
246,95,0,8,6.568540511371621,197.05621534114863,3,4,0
1019,177,0,18,6.3126195519185195,189.3785865575556,3,4,0
1280,98,1,14,3.031427729342956,90.94283188028868,3,4,0
1477,26,0,5,3.7107165669019473,111.32149700705841,3,4,0
2845,64,3,3,4.116487745510334,123.49463236531001,3,4,0
2417,90,2,10,4.359779230194248,130.79337690582744,3,4,0
1369,116,0,11,3.7321327082445,111.963981247335,3,4,0
1256,210,2,17,5.051577757369448,151.54733272108345,3,4,0
1738,122,0,8,3.37590292507013,101.2770877521039,3,4,0
995,127,2,9,6.750110951938904,202.5033285581671,3,4,0
2589,132,1,8,6.938603936480525,208.15811809441576,3,4,0
247,92,1,2,5.87133344800449,176.1400034401347,3,4,0
2611,116,3,4,3.448524385209839,103.45573155629518,3,4,0
1621,196,0,16,7.45041584773379,223.5124754320137,3,4,0
1418,54,0,9,7.828179143540573,234.8453743062172,3,4,0
1960,26,0,9,4.011817801608947,120.3545340482684,3,4,0
924,43,1,5,6.523199097203599,195.69597291610796,3,4,0
1544,35,0,3,7.209693153212429,216.29079459637288,3,4,0
2017,184,1,14,5.699217612713511,170.97652838140533,3,4,0
337,151,1,15,4.616615497633744,138.49846492901233,3,4,0
554,58,0,6,5.392793575401763,161.78380726205287,3,4,0
2068,164,0,16,5.56134375392226,166.8403126176678,3,4,0
1293,136,1,10,5.003185220940139,150.09555662820418,3,4,0
1010,173,0,14,7.649212468168531,229.47637404505593,3,4,0
1805,119,2,12,6.71941555471251,201.5824666413753,3,4,0
1943,73,2,9,4.20650821127482,126.1952463382446,3,4,0
2959,155,1,19,5.927785936599342,177.83357809798025,3,4,0
258,130,0,12,6.443445754655837,193.3033726396751,3,4,0
970,96,1,13,3.7007821085106514,111.02346325531954,3,4,0
588,176,1,13,4.792128711900744,143.7638613570223,3,4,0
538,124,0,17,7.52774140801958,225.8322422405874,3,4,0
956,0,1,2,5.835865500926007,175.07596502778023,3,4,0
795,113,1,9,4.084988730301585,122.54966190904754,3,4,0
635,82,0,8,3.6139239905957536,108.41771971787261,3,4,0
1673,109,1,7,5.591134467374388,167.73403402123165,3,4,0
576,55,1,5,5.73842861514572,172.1528584543716,3,4,0
2182,208,2,19,4.6720722567730615,140.16216770319184,3,4,0
2638,99,1,3,6.152080142095592,184.56240426286774,3,4,0
2728,114,1,13,3.3434234310969435,100.3027029329083,3,4,0
313,103,1,6,3.7256984663307033,111.7709539899211,3,4,0
973,194,1,11,5.731369105056296,171.94107315168887,3,4,0
2126,97,1,4,3.30907846922227,99.2723540766681,3,4,0
2419,27,1,3,7.404543824955503,222.1363147486651,3,4,0
217,75,0,4,3.710731852282584,111.32195556847752,3,4,0
434,1,0,3,6.369599370422682,191.08798111268047,3,4,0
1533,87,0,13,4.956017208572126,148.6805162571638,3,4,0
1892,209,0,15,4.998938737711242,149.96816213133727,3,4,0
2970,142,0,12,6.824447643055719,204.73342929167157,3,4,0
480,211,0,15,5.49731067086457,164.9193201259371,3,4,0
1030,140,1,11,6.6282773182193315,198.84831954657994,3,4,0
1338,101,1,11,5.525956143763846,165.77868431291537,3,4,0
1895,140,1,13,5.964526707026317,178.9358012107895,3,4,0
1890,146,2,12,6.8035731393483205,204.10719418044962,3,4,0
1786,186,4,6,6.036543714606377,181.0963114381913,3,4,0
617,210,0,19,6.078075546943943,182.34226640831827,3,4,0
2531,162,2,19,6.946097957137972,208.3829387141392,3,4,0
784,46,0,3,7.745434079096866,232.363022372906,3,4,0
1551,181,1,16,4.8835807696766835,146.5074230903005,3,4,0
1564,58,0,9,5.885585786129756,176.56757358389268,3,4,0
2869,146,1,14,3.431365788667728,102.94097366003184,3,4,0
2468,50,1,3,4.794019402844334,143.82058208533005,3,4,0
2256,88,3,3,5.06024612944693,151.8073838834079,3,4,0
2132,87,1,7,7.176186584120255,215.28559752360763,3,4,0
1031,126,0,19,5.566962010628384,167.0088603188515,3,4,0
2622,62,2,3,6.655331866492289,199.65995599476867,3,4,0
733,68,0,1,3.095037000128357,92.8511100038507,3,4,0
1322,183,0,12,5.322463348141578,159.67390044424732,3,4,0
1905,116,0,6,7.506588325817921,225.19764977453764,3,4,0
2949,22,0,7,4.121569546528925,123.64708639586776,3,4,0
1605,0,0,2,3.1576109265355647,94.72832779606694,3,4,0
2086,131,0,18,5.167043668567382,155.01131005702146,3,4,0
646,215,1,15,6.522159103237977,195.6647730971393,3,4,0
2927,184,3,15,5.272317534207348,158.16952602622044,3,4,0
2591,220,1,10,5.29989156755633,158.9967470266899,3,4,1
2672,217,0,17,6.349025206191597,190.47075618574792,3,4,0
824,187,2,18,4.271944041415245,128.15832124245736,3,4,0
2063,160,1,18,6.759448958209887,202.78346874629662,3,4,0
2553,174,2,15,3.765567654528667,112.96702963586002,3,4,0
2395,111,0,6,4.9787530264299384,149.36259079289815,3,4,0
931,150,0,9,6.280040542354589,188.4012162706377,3,4,0
2701,111,1,11,7.141845036150988,214.25535108452965,3,4,0
1137,247,2,15,6.957655355825277,208.7296606747583,3,4,0
2280,57,1,3,6.608427996538489,198.25283989615465,3,4,0
1955,239,2,19,4.795481917681955,143.86445753045865,3,4,0
1724,56,1,1,3.6115215814686192,108.34564744405857,3,4,0
1920,156,1,17,4.084171088464953,122.52513265394859,3,4,0
1416,44,1,11,7.324169072882425,219.72507218647274,3,4,0
1403,124,0,18,7.286656850663297,218.59970551989892,3,4,0
2090,165,0,11,7.757804262695079,232.73412788085238,3,4,0
1741,116,0,7,3.379943259477708,101.39829778433125,3,4,0
590,71,2,1,5.68404542638728,170.5213627916184,3,4,0
2604,188,0,12,6.243415224521168,187.30245673563502,3,4,0
2820,22,0,4,6.553286885334283,196.5986065600285,3,4,0
2711,80,1,8,6.219316175052151,186.5794852515645,3,4,0
298,138,1,15,6.85005694951141,205.5017084853423,3,4,0
2395,74,2,11,4.7973578814467075,143.9207364434012,3,4,0
769,72,2,8,3.8971638606774106,116.91491582032232,3,4,0
926,83,0,12,4.022916860752193,120.68750582256578,3,4,0
1201,0,0,3,3.059893447350822,91.79680342052465,3,4,0
1770,41,3,4,4.751609360531112,142.54828081593337,3,4,0
502,123,0,12,3.4587202543998865,103.7616076319966,3,4,0
2251,170,1,8,4.607443463950954,138.22330391852861,3,4,0
2354,74,1,10,6.141050385831239,184.23151157493717,3,4,0
2322,85,1,1,7.4723902779341,224.171708338023,3,4,0
1263,157,3,13,7.198027254952582,215.94081764857748,3,4,0
838,103,0,7,4.263371059787884,127.90113179363652,3,4,0
2942,69,2,3,3.670415710990235,110.11247132970705,3,4,0
1342,88,1,16,3.9653613689836567,118.9608410695097,3,4,0
2320,103,4,12,7.854933259518035,235.64799778554104,3,4,0
751,92,0,5,5.747372398427454,172.4211719528236,3,4,0
1176,175,0,18,3.912511115002874,117.37533345008623,3,4,0
295,28,0,8,7.203730773434076,216.1119232030223,3,4,0
1391,117,0,12,4.975956221562774,149.27868664688324,3,4,0
2524,77,0,3,7.496110759873637,224.88332279620911,3,4,0
2506,107,0,16,4.303385634172432,129.10156902517298,3,4,0
245,99,1,10,4.9661087940211806,148.98326382063541,3,4,0
545,226,0,17,5.524738813950423,165.7421644185127,3,4,0
1046,133,0,10,7.463076670445158,223.89230011335474,3,4,0
1276,117,0,3,7.343787158025279,220.31361474075837,3,4,0
1371,30,0,2,5.871775351519389,176.15326054558167,3,4,0
1756,185,0,14,4.108877548904453,123.2663264671336,3,4,0
432,70,2,9,5.016784858689375,150.50354576068125,3,4,0
250,199,0,17,7.878165326827527,236.3449598048258,3,4,0
864,33,0,4,6.03886611938701,181.1659835816103,3,4,0
650,168,0,15,6.9054887756209835,207.1646632686295,3,4,0
1562,164,2,13,5.249323476807098,157.47970430421296,3,4,0
550,214,1,19,5.660036377334032,169.80109132002096,3,4,0
2896,71,2,9,5.14477056116272,154.3431168348816,3,4,0
1508,79,1,4,6.51460499030984,195.4381497092952,3,4,0
782,95,0,8,7.257355069434387,217.7206520830316,3,4,0
444,200,0,15,5.536817716122818,166.10453148368455,3,4,0
749,116,0,14,5.404337293181128,162.13011879543384,3,4,0
927,1,0,3,4.701432335491985,141.04297006475954,3,4,0
838,105,1,17,3.885483471470419,116.56450414411256,3,4,0
783,82,0,8,7.696238614375544,230.88715843126633,3,4,0
2473,144,4,14,4.5803985933975255,137.41195780192578,3,4,0
640,121,0,13,7.003457317871427,210.10371953614282,3,4,0
1667,143,1,15,6.576735106437371,197.30205319312114,3,4,0
2019,173,0,11,6.954588001390645,208.63764004171935,3,4,0
611,144,0,15,7.683840666860512,230.51522000581537,3,4,0
1013,171,0,12,6.116853801104486,183.50561403313458,3,4,1
445,122,1,9,7.489751716910223,224.6925515073067,3,4,0
782,113,0,15,3.8384866145614684,115.15459843684405,3,4,0
1930,48,2,1,6.1335628797839385,184.00688639351816,3,4,0
2747,192,1,12,6.8613780645730635,205.8413419371919,3,4,0
1181,123,1,6,4.35820565372087,130.7461696116261,3,4,0
2174,96,2,1,6.703769006459825,201.11307019379475,3,4,0
749,202,0,19,6.892384145581184,206.77152436743552,3,4,0
2364,114,0,13,7.155939780082224,214.67819340246672,3,4,0
1587,143,0,6,4.564414562979664,136.93243688938992,3,4,0
2137,193,1,17,6.4080329508415454,192.24098852524637,3,4,0
403,171,0,13,4.52126641704881,135.63799251146432,3,4,0
550,111,1,9,6.695201937492277,200.8560581247683,3,4,0
518,57,1,8,5.314868325728561,159.44604977185685,3,4,0
2736,165,0,15,5.9877218726361,179.631656179083,3,4,0
1892,241,0,18,5.079199907152844,152.37599721458534,3,4,0
306,83,1,2,3.8099146346491217,114.29743903947366,3,4,0
2901,73,1,2,3.8901476480268182,116.70442944080455,3,4,0
2419,88,1,11,3.3878445363106726,101.63533608932018,3,4,0
2766,103,1,1,6.090363398608309,182.71090195824928,3,4,0
2078,227,0,18,7.243191989765297,217.2957596929589,3,4,0
1157,19,1,7,3.104184131310405,93.12552393931215,3,4,0
2775,208,1,17,3.3311975104417675,99.93592531325302,3,4,0
2567,153,1,16,5.287334961514552,158.62004884543657,3,4,0
1260,102,1,7,6.688603680840947,200.65811042522841,3,4,0
2746,58,1,7,3.7885382235597564,113.6561467067927,3,4,0
2512,60,2,2,4.358256597745969,130.74769793237908,3,4,0
1891,25,0,5,4.160031006409036,124.80093019227108,3,4,0
1872,114,1,14,4.995256093355771,149.8576828006731,3,4,0
601,119,1,8,4.124993385087856,123.74980155263567,3,4,0
801,105,2,12,4.762993392723765,142.88980178171295,3,4,0
417,103,0,7,6.642712993309721,199.28138979929165,3,4,0
2577,82,0,6,6.0550462422709455,181.65138726812836,3,4,0
385,229,0,13,3.4059085269584646,102.17725580875394,3,4,0
2456,110,2,12,6.188728331228589,185.66184993685766,3,4,0
487,152,0,17,5.385385857796067,161.56157573388202,3,4,1
287,129,0,16,7.672827873535693,230.1848362060708,3,4,0
2383,95,0,1,4.446521585520266,133.395647565608,3,4,0
2405,95,1,7,6.6308320984958,198.924962954874,3,4,0
354,57,2,3,6.65430411522285,199.62912345668548,3,4,0
419,108,0,6,4.107503905045936,123.22511715137809,3,4,0
1682,19,0,3,7.516118124854681,225.48354374564042,3,4,0
521,5,1,3,5.455916002148015,163.67748006444046,3,4,0
2938,115,2,8,6.3944168344465115,191.83250503339534,3,4,0
1040,153,1,14,3.7292777944175226,111.87833383252568,3,4,0
1785,77,1,9,4.2890195849598465,128.6705875487954,3,4,0
2036,99,3,5,5.930535589686114,177.91606769058342,3,4,0
2759,228,1,15,4.5951363418667475,137.85409025600242,3,4,0
2334,188,1,17,5.498464592854867,164.953937785646,3,4,0
1768,45,3,10,4.870025996866446,146.1007799059934,3,4,0
2522,170,4,8,6.20276898322024,186.0830694966072,3,4,0
2388,258,1,18,5.435726813904044,163.07180441712134,3,4,0
1959,114,3,6,3.023049679865841,90.69149039597522,3,4,0
824,172,0,17,6.24840418972692,187.4521256918076,3,4,0
552,0,0,4,5.110607785250909,153.31823355752726,3,4,0
1228,115,0,15,4.708491702451115,141.25475107353344,3,4,0
2629,107,2,10,3.470733761416118,104.12201284248353,3,4,0
1557,109,1,13,4.101848452832457,123.05545358497372,3,4,0
674,17,0,1,4.118861457904267,123.56584373712802,3,4,0
2209,116,2,9,7.676847497023645,230.30542491070935,3,4,0
1127,47,1,5,5.162564873732734,154.87694621198202,3,4,0
229,178,0,11,3.21032923607585,96.3098770822755,3,4,0
2841,64,0,4,3.6940834112166043,110.82250233649813,3,4,0
2740,183,1,16,3.3951633786645603,101.8549013599368,3,4,0
694,199,1,18,5.9443469510360565,178.3304085310817,3,4,0
587,109,0,8,3.933107457834134,117.99322373502402,3,4,0
1072,52,1,2,5.49278820140888,164.78364604226638,3,4,0
1034,210,1,17,4.850310314349878,145.50930943049633,3,4,0
829,163,1,10,7.019381885720997,210.5814565716299,3,4,0
229,51,0,13,4.602448186326812,138.07344558980435,3,4,0
2870,97,1,15,5.291327411984041,158.73982235952124,3,4,0
1006,90,2,9,6.606427742989129,198.19283228967387,3,4,0
2589,54,1,8,5.166756034653197,155.00268103959593,3,4,0
2032,58,2,6,6.966077680065945,208.98233040197834,3,4,0
1510,48,1,4,6.308421781183324,189.25265343549972,3,4,0
2168,163,0,18,5.0526455697335795,151.57936709200737,3,4,0
2160,0,1,3,5.519909628431813,165.5972888529544,3,4,0
443,45,0,4,7.836017279210967,235.08051837632902,3,4,0
420,195,1,13,6.308057482541962,189.24172447625887,3,4,0
1379,107,0,11,7.524976129861624,225.74928389584872,3,4,0
1606,137,4,8,3.8937925173553216,116.81377552065965,3,4,0
1971,139,0,14,5.416180781225759,162.48542343677278,3,4,0
1543,146,0,14,7.543308349225253,226.29925047675758,3,4,0
2620,173,4,16,4.613060307207088,138.39180921621264,3,4,0
730,171,0,14,7.838320990732104,235.14962972196312,3,4,0
2462,5,0,1,3.485387452368287,104.56162357104861,3,4,0
2614,52,0,2,7.513355851375184,225.40067554125554,3,4,0
2361,14,0,1,5.226060610329293,156.7818183098788,3,4,0
224,144,0,11,3.3687208257058034,101.06162477117411,3,4,0
1344,38,1,6,7.397607962930437,221.92823888791312,3,4,0
1965,191,3,15,4.2597010620455675,127.79103186136703,3,4,0
2858,144,2,12,3.1112506274761262,93.33751882428379,3,4,0
1057,19,0,5,3.6790355278459614,110.37106583537884,3,4,0
1226,195,0,12,6.295573709498808,188.86721128496424,3,4,0
1097,169,1,14,7.889057445690974,236.6717233707292,3,4,0
972,103,1,14,3.557310697917584,106.71932093752751,3,4,0
2692,198,2,19,5.30974024062381,159.2922072187143,3,4,0
219,4,0,5,3.9031827547376627,117.09548264212988,3,4,0
1427,0,2,3,6.7251826705079605,201.7554801152388,3,4,0
1005,226,1,18,3.5902944988090706,107.70883496427211,3,4,0
1580,29,0,6,4.199208742404448,125.97626227213343,3,4,0
2375,133,0,9,3.982029838245357,119.4608951473607,3,4,0
2605,147,3,7,5.76259890183489,172.8779670550467,3,4,0
1080,139,1,18,7.365920460003162,220.97761380009484,3,4,0
1533,129,0,2,5.555451005782093,166.6635301734628,3,4,0
1884,118,1,10,3.291217263857356,98.73651791572068,3,4,0
1805,132,1,12,5.816944652984156,174.50833958952467,3,4,0
1307,11,1,2,6.987604996590047,209.6281498977014,3,4,0
2757,99,1,13,3.6607809865216137,109.8234295956484,3,4,0
643,11,1,8,3.3635560717229587,100.90668215168876,3,4,0
2242,59,1,7,3.939038887787845,118.17116663363535,3,4,0
1428,100,0,3,6.730431614108137,201.9129484232441,3,4,0
1711,58,1,8,5.958402097660008,178.75206292980022,3,4,0
978,5,1,1,5.702973269808744,171.08919809426231,3,4,0
2499,103,1,15,4.247399473158842,127.42198419476524,3,4,0
1946,0,1,1,4.661182976234297,139.8354892870289,3,4,0
2078,176,3,12,7.829425064716712,234.88275194150134,3,4,0
1254,74,1,11,4.203126133646928,126.09378400940786,3,4,0
620,162,2,16,7.508227116275442,225.24681348826329,3,4,0
2051,47,0,4,5.902657522288683,177.0797256686605,3,4,0
2308,99,3,2,3.616482331856239,108.49446995568717,3,4,0
778,20,0,3,5.33656189077534,160.0968567232602,3,4,0
1449,44,0,4,7.742743586804379,232.28230760413138,3,4,0
2186,135,1,18,5.092827990686793,152.78483972060377,3,4,0
1558,105,1,12,7.316932823946812,219.50798471840434,3,4,0
2826,6,1,1,4.282143473258539,128.46430419775615,3,4,0
2887,63,3,3,5.854610759001865,175.63832277005594,3,4,0
310,126,0,4,7.219260291009869,216.57780873029606,3,4,0
690,69,0,6,7.603442205848477,228.1032661754543,3,4,0
1495,212,0,17,5.429116835756504,162.8735050726951,3,4,0
2036,136,1,8,6.198440510727146,185.95321532181435,3,4,0
2281,177,1,18,3.0149006539116545,90.44701961734964,3,4,0
2459,196,0,16,4.266116537566948,127.98349612700844,3,4,0
1596,107,4,6,4.393560518734729,131.80681556204186,3,4,0
2372,129,1,19,3.467465058272154,104.02395174816462,3,4,0
1941,102,2,8,4.398475066784883,131.9542520035465,3,4,0
1093,70,0,4,4.605610165290695,138.16830495872085,3,4,0
2578,177,1,9,7.843830197840966,235.31490593522898,3,4,0
2075,71,3,8,6.3430119028041885,190.29035708412565,3,4,0
2149,200,0,19,5.130025397081721,153.90076191245163,3,4,0
1793,0,0,1,7.940272303477546,238.2081691043264,3,4,0
611,128,1,4,3.766161601173056,112.98484803519169,3,4,0
1622,158,0,10,5.380255969652422,161.40767908957267,3,4,0
1876,46,0,8,6.235311035245247,187.0593310573574,3,4,0
1386,123,0,3,3.277903172420385,98.33709517261154,3,4,0
1846,179,2,12,6.584994290415594,197.54982871246781,3,4,0
2911,177,5,9,3.4993367646099496,104.98010293829849,3,4,0
1288,126,2,3,3.7014115429983847,111.04234628995154,3,4,0
1439,107,0,4,3.7984475623104204,113.95342686931261,3,4,0
802,64,0,6,7.644449133277589,229.33347399832766,3,4,0
2137,162,0,9,6.416177725690838,192.48533177072514,3,4,0
225,10,0,2,6.277137505515521,188.3141251654656,3,4,0
2916,19,1,2,5.777467482324961,173.32402446974882,3,4,0
783,155,0,18,4.464029993475514,133.92089980426542,3,4,0
1267,77,2,3,6.1044485229967576,183.13345568990272,3,4,0
1313,17,0,3,5.050748599443199,151.52245798329596,3,4,0
1356,136,2,18,3.7270807504630743,111.81242251389223,3,4,0
1384,56,3,6,6.447986451638665,193.43959354915995,3,4,0
1967,23,0,1,3.6479108396496134,109.4373251894884,3,4,0
579,152,0,15,3.953342905105866,118.60028715317598,3,4,0
1484,87,0,11,7.088496559238029,212.6548967771409,3,4,0
1606,61,0,10,6.30058548062577,189.0175644187731,3,4,0
568,77,0,4,6.154955771068212,184.64867313204635,3,4,0
1300,219,1,14,5.09101392171362,152.7304176514086,3,4,0
2456,29,0,2,4.981402591196856,149.44207773590568,3,4,0
1236,174,1,13,6.451313045927006,193.53939137781018,3,4,0
2144,178,4,16,6.700027693045229,201.00083079135686,3,4,0
1793,161,2,12,5.551066011821553,166.5319803546466,3,4,0
2121,102,0,5,7.846346221742631,235.39038665227892,3,4,0
224,187,1,19,7.77849779459436,233.3549338378308,3,4,0
745,19,1,3,5.062147450063793,151.8644235019138,3,4,0
1363,0,0,2,7.103111271415768,213.09333814247304,3,4,0
474,212,0,17,5.7163392079920765,171.4901762397623,3,4,0
2469,148,1,11,5.558779437785873,166.76338313357618,3,4,0
1352,77,0,1,3.2748203068932593,98.24460920679778,3,4,0
1546,219,2,19,5.86987355234155,176.09620657024652,3,4,0
1656,141,1,8,7.502889652815823,225.0866895844747,3,4,0
2465,131,1,11,6.90066924597546,207.0200773792638,3,4,0
2070,43,2,8,6.93158572349631,207.9475717048893,3,4,0
1471,182,1,17,3.7996451928816963,113.98935578645089,3,4,0
310,149,0,6,4.792247235667818,143.76741707003455,3,4,0
1955,105,1,7,4.166024583251179,124.98073749753537,3,4,0
907,84,0,13,4.57957641227818,137.38729236834538,3,4,0
2394,130,3,7,5.897696717468627,176.9309015240588,3,4,0
1567,204,0,11,4.823919066851239,144.7175720055372,3,4,0
1728,92,1,10,5.8034890873213305,174.10467261963993,3,4,0
751,117,2,8,5.192506241372885,155.77518724118656,3,4,1
333,129,0,10,4.433077792248638,132.99233376745914,3,4,0
2711,146,4,11,3.477017171025793,104.3105151307738,3,4,0
2213,207,2,17,7.459192286723913,223.77576860171737,3,4,0
1386,101,0,11,3.0568668300232433,91.7060049006973,3,4,0
2703,188,1,16,3.008262440709856,90.24787322129568,3,4,0
1284,126,2,5,7.1339886988177295,214.01966096453188,3,4,0
1228,110,2,10,7.98405470162895,239.5216410488685,3,4,0
1260,102,0,5,6.635514138568281,199.06542415704843,3,4,0
2707,96,2,9,3.0763691903144235,92.2910757094327,3,4,0
1960,13,3,3,4.133451133342566,124.00353400027699,3,4,0
2222,3,1,3,7.859113501309807,235.7734050392942,3,4,0
1951,133,1,10,7.043021260869174,211.29063782607523,3,4,0
2386,15,1,7,5.833999219023555,175.01997657070666,3,4,0
2865,49,0,2,4.184303547201795,125.52910641605385,3,4,0
2927,67,1,8,3.071851029633745,92.15553088901234,3,4,0
2846,38,0,12,3.1043073631870453,93.12922089561135,3,4,0
795,129,0,9,6.059904317651133,181.797129529534,3,4,0
210,66,1,11,3.1091593817621157,93.27478145286346,3,4,0
2574,284,2,19,7.968150709626864,239.0445212888059,3,4,0
1921,241,2,17,3.9169191674686905,117.50757502406071,3,4,0
2626,141,2,13,6.553536809346387,196.6061042803916,3,4,0
2478,0,2,1,3.775298607062067,113.25895821186201,3,4,0
1364,54,1,1,5.700467105488572,171.01401316465717,3,4,0
817,182,3,8,3.4030564423310876,102.09169326993263,3,4,0
964,181,1,13,6.8338921226662155,205.01676367998647,3,4,0
248,138,3,6,5.9246054736241485,177.73816420872444,3,4,0
650,120,1,3,3.430833467007075,102.92500401021225,3,4,0
1998,112,1,16,7.242930946000028,217.28792838000084,3,4,0
690,163,2,10,5.73509307388351,172.0527922165053,3,4,0
2092,173,2,7,7.60796155006659,228.2388465019977,3,4,0
1632,34,1,3,7.583116868390563,227.4935060517169,3,4,0
2654,135,2,14,7.602538947432912,228.07616842298734,3,4,0
1274,220,0,16,3.38892600100234,101.6677800300702,3,4,0
2422,117,0,4,3.604788808772617,108.14366426317851,3,4,0
1484,99,0,13,7.93852904858099,238.1558714574297,3,4,0
2727,11,5,1,5.43800410699353,163.1401232098059,3,4,0
1957,70,1,5,4.191070264145738,125.73210792437214,3,4,0
422,115,0,18,6.84832244249329,205.4496732747987,3,4,0
468,96,1,12,4.32142610606241,129.64278318187232,3,4,0
1100,95,1,11,6.636078440093212,199.08235320279636,3,4,0
1118,146,0,9,7.1864288892488055,215.59286667746417,3,4,0
2565,146,1,7,6.921316886476403,207.6395065942921,3,4,0
584,187,0,14,4.370239040989677,131.10717122969032,3,4,0
1809,26,1,3,5.008092870396185,150.24278611188555,3,4,0
825,159,1,16,5.066255016166382,151.98765048499146,3,4,0
1423,72,1,7,5.456364590522359,163.69093771567077,3,4,0
2107,46,0,1,3.83686425770068,115.1059277310204,3,4,0
2890,118,2,6,5.2623502520717125,157.87050756215137,3,4,0
1562,58,0,6,5.553914952577399,166.61744857732197,3,4,0
2951,74,1,10,5.658544982905262,169.75634948715788,3,4,0
1914,198,2,12,7.099502149922291,212.98506449766873,3,4,0
2552,229,1,19,5.586672492397476,167.6001747719243,3,4,0
1975,96,1,6,4.153919612568376,124.61758837705128,3,4,0
1468,104,1,14,6.315643691220936,189.46931073662807,3,4,0
1041,88,0,3,6.986570720433126,209.5971216129938,3,4,0
1852,108,1,10,4.596858332191308,137.90574996573926,3,4,0
1431,13,0,9,6.226529645088026,186.79588935264078,3,4,0
1947,165,1,19,3.7346899797300632,112.0406993919019,3,4,0
2758,168,0,15,4.70963152289032,141.2889456867096,3,4,0
1482,93,0,9,7.546119647748171,226.38358943244512,3,4,0
2410,202,0,19,7.556540815812854,226.69622447438562,3,4,0
937,117,1,8,5.876622893715318,176.29868681145953,3,4,0
540,23,1,4,6.511757304325533,195.352719129766,3,4,0
2151,102,1,5,7.270077076029707,218.1023122808912,3,4,0
1981,223,2,19,7.792765926563133,233.782977796894,3,4,0
729,140,0,14,5.449432201448848,163.48296604346544,3,4,0
233,179,1,18,5.807878683130172,174.23636049390515,3,4,0
522,182,0,19,5.078207833239151,152.34623499717455,3,4,0
1404,143,1,6,3.359909685282144,100.79729055846431,3,4,0
2186,90,1,5,5.114017362244092,153.42052086732275,3,4,0
546,122,0,11,6.953136696915386,208.59410090746158,3,4,0
1929,88,0,5,7.0244274899576435,210.7328246987293,3,4,0
1415,111,0,8,7.461885572966499,223.85656718899497,3,4,0
1802,76,2,5,3.2573335258798455,97.72000577639537,3,4,0
2968,74,2,11,5.6357729479031695,169.0731884370951,3,4,0
1902,153,3,13,3.5371224396853815,106.11367319056144,3,4,0
444,101,0,6,4.003710915828717,120.1113274748615,3,4,0
2925,86,1,5,7.501082511903032,225.03247535709096,3,4,0
2031,154,0,18,5.483956292148479,164.51868876445437,3,4,0
2970,112,2,10,6.792724604483068,203.78173813449203,3,4,0
332,197,0,16,3.3219205296434042,99.65761588930212,3,4,0
1570,74,0,14,5.08413251962426,152.5239755887278,3,4,0
2296,120,0,15,6.371201403321688,191.13604209965064,3,4,0
1287,59,0,3,3.6670324063910664,110.010972191732,3,4,0
1847,95,0,3,4.629089395528416,138.87268186585248,3,4,0
2091,203,1,12,3.322739025119416,99.68217075358248,3,4,0
1920,195,2,15,6.256699704347552,187.70099113042656,3,4,0
1327,94,0,11,7.854456295290593,235.6336888587178,3,4,0
2460,44,1,10,7.135227455714149,214.05682367142447,3,4,0
1740,229,1,15,7.873115584037828,236.19346752113483,3,4,0
318,140,0,18,7.228023975491983,216.84071926475949,3,4,0
2926,157,2,14,7.275979030984893,218.2793709295468,3,4,0
1094,88,3,6,5.885885976856713,176.5765793057014,3,4,0
1465,154,3,14,5.5912615570660495,167.7378467119815,3,4,0
2527,126,3,16,5.031271332139138,150.93813996417413,3,4,0
2671,122,1,2,7.090474475229399,212.71423425688198,3,4,0
562,147,0,19,3.910338061390123,117.3101418417037,3,4,0
1973,96,4,5,3.281124579120966,98.43373737362899,3,4,0
1940,105,1,11,7.739469113423375,232.18407340270124,3,4,0
513,147,1,11,3.0188909260173853,90.56672778052156,3,4,0
1736,173,0,19,7.884146609379259,236.52439828137778,3,4,0
1906,161,0,18,6.6442668493688295,199.32800548106488,3,4,0
1286,137,0,8,4.642494598489138,139.27483795467415,3,4,0
471,113,0,12,6.489099215431551,194.67297646294654,3,4,0
1260,158,0,9,7.089375785925637,212.6812735777691,3,4,0
1989,9,1,3,4.226810279932179,126.80430839796537,3,4,0
2590,73,1,6,6.854478416397909,205.63435249193728,3,4,0
2593,8,1,1,7.021848125041201,210.65544375123602,3,4,0
2480,167,0,17,4.246773150626727,127.40319451880181,3,4,0
1189,0,0,3,3.2096317718899177,96.28895315669753,3,4,0
2823,203,1,18,4.0206114227904886,120.61834268371466,3,4,0
2663,202,0,18,4.003232044446972,120.09696133340915,3,4,0
1104,106,0,2,3.326202270877416,99.78606812632248,3,4,0
2514,105,2,4,6.63003692327598,198.9011076982794,3,4,0
943,71,0,1,4.899874622292041,146.9962386687612,3,4,0
1110,142,1,10,7.421930837269292,222.65792511807877,3,4,0
2690,61,0,5,4.26085552832593,127.82566584977789,3,4,0
2807,134,0,5,5.266160825499637,157.9848247649891,3,4,0
2085,134,2,9,6.195087144633814,185.85261433901442,3,4,0
1945,240,0,14,7.38732474835889,221.6197424507667,3,4,0
2323,214,2,13,5.623105508096874,168.69316524290622,3,4,0
446,147,0,13,4.867623139061914,146.0286941718574,3,4,0
2051,58,1,1,7.335075392360045,220.05226177080135,3,4,0
2827,204,1,17,4.551232123438052,136.53696370314157,3,4,0
2560,157,0,8,3.3971184981628824,101.91355494488647,3,4,0
775,0,0,3,5.2252105375512,156.75631612653598,3,4,0
1815,223,1,17,6.92546653248996,207.7639959746988,3,4,0
2590,140,0,12,3.1539041587676153,94.61712476302846,3,4,0
2962,232,3,18,5.929411224947961,177.88233674843883,3,4,0
1405,113,0,14,5.97232024263618,179.1696072790854,3,4,0
1183,92,1,11,7.642708817136908,229.28126451410725,3,4,0
2973,186,3,16,4.432324085725109,132.96972257175327,3,4,0
2879,106,1,4,4.394183066053481,131.82549198160442,3,4,0
2646,134,2,18,5.20241825669839,156.0725477009517,3,4,0
2961,75,1,7,4.784574507357576,143.53723522072727,3,4,0
1123,75,1,11,6.681729313446634,200.451879403399,3,4,0
491,174,0,16,6.208760385657748,186.26281156973243,3,4,0
2301,242,1,16,6.794605189531332,203.83815568593997,3,4,0
1579,55,3,3,7.100208955993446,213.00626867980336,3,4,0
2724,138,1,9,7.614905663670738,228.44716991012214,3,4,0
221,98,0,8,5.154683658923238,154.64050976769715,3,4,0
1515,100,0,7,7.923486947357747,237.70460842073243,3,4,0
1252,147,1,17,4.078304067018264,122.34912201054792,3,4,1
2942,149,1,11,6.571825809736643,197.1547742920993,3,4,0
2161,58,1,4,5.670046586535946,170.10139759607839,3,4,0
2407,148,3,4,7.084502973424417,212.5350892027325,3,4,0
1109,54,1,5,5.38385260303213,161.5155780909639,3,4,0
729,143,2,8,6.919693176812157,207.5907953043647,3,4,0
300,193,1,10,7.65084357323839,229.5253071971517,3,4,0
1513,218,1,17,6.6614713307004365,199.8441399210131,3,4,0
2590,46,1,6,6.880471431091622,206.41414293274866,3,4,0
2151,72,2,9,3.3358771563292806,100.07631468987842,3,4,0
2101,138,2,10,4.024788311161403,120.7436493348421,3,4,0
778,96,0,8,7.871518702517968,236.14556107553904,3,4,0
1414,170,0,15,6.465935018936972,193.97805056810915,3,4,0
989,231,2,18,5.807245086555023,174.21735259665067,3,4,0
1566,73,0,5,4.834881866982251,145.04645600946753,3,4,0
2372,148,0,18,3.2219450060345896,96.65835018103769,3,4,0
1831,56,2,1,4.845679539820675,145.37038619462024,3,4,0
2916,111,1,2,5.49456436644788,164.8369309934364,3,4,0
1583,126,3,10,4.057297546934434,121.71892640803301,3,4,0
702,169,1,6,3.8656839563691627,115.97051869107489,3,4,0
372,222,1,19,5.542082756787584,166.26248270362754,3,4,0
1086,149,0,11,5.929521178137719,177.88563534413157,3,4,0
1617,152,0,18,4.1995895942726245,125.98768782817874,3,4,0
2367,157,1,16,5.9369473722810655,178.10842116843196,3,4,0
472,124,2,8,7.501699819371475,225.05099458114424,3,4,0
1609,70,2,4,5.365866290106769,160.9759887032031,3,4,0
1057,168,0,11,7.286950847935907,218.6085254380772,3,4,0
2110,138,4,10,7.636357222666592,229.09071667999777,3,4,1
2157,139,1,16,3.4619701446854285,103.85910434056285,3,4,0
460,140,0,12,3.479057898283985,104.37173694851955,3,4,0
1552,41,0,3,5.3802209144380075,161.40662743314022,3,4,0
1347,147,0,11,5.940512221588513,178.2153666476554,3,4,0
1699,144,1,16,5.129417322325146,153.8825196697544,3,4,0
477,129,0,3,4.632253852087516,138.96761556262547,3,4,0
2340,52,0,10,6.204970580630779,186.14911741892337,3,4,0
1022,152,1,16,3.0104075617496013,90.31222685248804,3,4,0
2375,105,2,7,7.840366404318712,235.21099212956136,3,4,1
731,133,0,15,4.1603954409401105,124.81186322820332,3,4,0
366,67,1,15,7.585493842915035,227.56481528745104,3,4,0
1030,190,0,10,3.54507372267253,106.35221168017591,3,4,0
435,87,0,3,4.190435910222863,125.7130773066859,3,4,0
1255,41,2,6,4.174368505437502,125.23105516312506,3,4,0
1454,143,2,18,7.9807645210032305,239.4229356300969,3,4,0
390,15,0,5,3.023002728629422,90.69008185888266,3,4,0
2904,161,1,16,6.198191046517479,185.94573139552438,3,4,0
812,196,0,13,7.348432905304264,220.45298715912793,3,4,0
1731,46,0,3,6.361368270123684,190.84104810371053,3,4,0
2502,135,0,15,4.813669091084721,144.41007273254164,3,4,0
1923,120,0,6,7.791546813514675,233.74640440544025,3,4,0
1172,78,0,4,7.467603772945205,224.02811318835614,3,4,0
848,151,0,15,5.169774601247589,155.09323803742768,3,4,0
305,212,1,18,5.866642463055817,175.99927389167453,3,4,0
1804,50,3,9,7.837595939026204,235.12787817078612,3,4,0
391,85,0,4,7.9128018096323505,237.3840542889705,3,4,0
1202,223,2,16,5.249116378589761,157.47349135769284,3,4,0
1501,133,1,18,7.236750140715443,217.10250422146328,3,4,0
1767,64,1,5,4.509901134769682,135.29703404309046,3,4,0
2422,65,1,13,4.859064364653324,145.7719309395997,3,4,0
1993,69,1,6,3.824109414951131,114.72328244853394,3,4,0
834,170,2,19,4.045922963883651,121.37768891650953,3,4,0
284,198,0,12,6.284366511296795,188.53099533890384,3,4,0
2211,145,2,15,5.553908090035405,166.61724270106214,3,4,0
927,118,0,9,4.155659303128014,124.66977909384043,3,4,0
1260,154,2,7,5.014548081808263,150.4364424542479,3,4,0
1887,63,1,14,4.865917299318409,145.97751897955226,3,4,0
1799,191,0,19,7.936801022676671,238.10403068030013,3,4,0
269,118,0,16,7.267829186056897,218.0348755817069,3,4,0
353,27,1,4,4.939831666919122,148.19495000757365,3,4,0
1661,95,0,12,7.569582894480165,227.08748683440496,3,4,0
2518,173,3,18,4.713176958140855,141.39530874422567,3,4,0
2788,71,3,8,6.339507563674297,190.1852269102289,3,4,0
2219,158,1,17,7.833249983410562,234.99749950231686,3,4,0
1297,96,0,3,4.951394319942762,148.54182959828285,3,4,0
770,90,1,4,6.399424825524669,191.98274476574005,3,4,0
348,222,0,10,4.479619055313166,134.38857165939498,3,4,0
2257,179,2,16,4.3315615779898735,129.9468473396962,3,4,0
2891,89,3,2,5.870783332157759,176.1234999647328,3,4,0
2309,185,1,12,7.896322990166091,236.88968970498274,3,4,0
1611,114,0,16,5.26566924360085,157.97007730802548,3,4,0
2118,173,2,10,7.688184851582903,230.6455455474871,3,4,0
973,34,0,5,7.571817601223808,227.15452803671423,3,4,0
1953,157,2,12,4.268813061724973,128.0643918517492,3,4,0
2071,99,1,3,5.009097035421637,150.27291106264911,3,4,0
2775,62,2,12,6.216512392470915,186.49537177412745,3,4,0
1773,40,3,1,5.590229422056958,167.70688266170873,3,4,0
1912,45,0,2,3.4797926493158715,104.39377947947615,3,4,0
2692,85,2,11,7.968490150635791,239.05470451907374,3,4,0
1544,146,1,12,6.7632700060564,202.898100181692,3,4,0
1306,160,1,7,5.1884701911235585,155.65410573370676,3,4,0
216,1,0,1,6.090842748331457,182.7252824499437,3,4,0
2616,198,3,13,3.4378640863311505,103.13592258993451,3,4,0
1891,180,5,13,5.47650826844805,164.29524805344153,3,4,0
2931,0,0,2,7.654162079087439,229.62486237262317,3,4,0
782,100,1,10,7.483004790274892,224.49014370824676,3,4,0
454,50,0,1,4.686904227415728,140.60712682247186,3,4,0
2703,161,2,7,5.656839319106695,169.70517957320084,3,4,0
2890,178,2,13,6.486917620438234,194.60752861314702,3,4,0
760,30,2,2,4.700046334539527,141.00139003618582,3,4,0
2780,103,0,7,3.3243960904696923,99.73188271409077,3,4,0
1615,60,1,17,5.527208283589023,165.8162485076707,3,4,0
519,108,0,5,6.008178679116682,180.24536037350046,3,4,0
419,89,0,11,3.029208000607551,90.87624001822653,3,4,0
898,87,2,11,3.477876867692653,104.3363060307796,3,4,0
1637,112,1,11,4.036453217970761,121.09359653912284,3,4,0
231,128,2,17,4.740261434954671,142.20784304864011,3,4,0
914,176,0,19,5.705256114152902,171.15768342458705,3,4,0
1239,143,1,8,4.469214593798326,134.07643781394978,3,4,0
2798,118,0,15,15.398963580895366,461.968907426861,2,5,1
2470,98,1,5,15.802516574758354,474.0754972427506,2,5,1
5909,156,0,16,14.39900932511754,431.9702797535262,2,5,1
6827,23,3,7,15.90414091012125,477.1242273036375,3,5,1
4094,106,1,2,8.6571942902918,259.715828708754,3,5,0
4994,161,2,13,14.429251099189397,432.8775329756819,2,5,1
5129,32,1,2,10.06629011902621,301.9887035707863,2,5,0
3313,93,1,9,13.461363977777534,403.84091933332604,2,5,1
4878,40,4,5,8.013926406304732,240.41779218914195,2,5,0
5515,61,2,3,14.119560897413074,423.5868269223922,3,5,1
3047,78,1,2,6.834644261569196,205.03932784707587,2,5,0
3087,211,0,14,8.705577067164036,261.1673120149211,2,5,0
5681,105,3,8,14.219526168471557,426.5857850541467,3,5,1
2282,132,1,12,13.471592218218515,404.14776654655543,2,5,1
5648,228,3,17,11.012467549912893,330.3740264973868,3,5,1
3398,111,0,16,12.72792774290209,381.83783228706267,2,5,1
4733,88,1,6,7.855740244959296,235.6722073487789,3,5,0
6067,62,3,6,12.6776362234628,380.329086703884,3,5,1
4357,189,2,18,6.079761673414925,182.39285020244776,3,5,0
4935,83,0,2,14.33215867381506,429.9647602144518,2,5,1
5818,37,2,8,11.162876079989436,334.88628239968307,3,5,1
5238,206,4,14,15.438784516095817,463.1635354828745,2,5,1
3772,65,1,2,10.781642673227818,323.44928019683454,3,5,0
6077,186,3,17,10.33087282326341,309.92618469790233,3,5,1
6102,246,7,16,10.50052812397814,315.0158437193442,3,5,1
2787,147,1,18,9.597286202752962,287.91858608258883,2,5,1
5224,39,3,6,7.666750838426539,230.00252515279618,3,5,0
2042,130,1,17,14.420627269455057,432.6188180836517,3,5,1
6296,215,4,18,9.890854077582947,296.7256223274884,3,5,1
4942,127,1,14,11.291084281888585,338.7325284566576,3,5,0
6643,80,1,10,6.198869164634364,185.96607493903093,2,5,1
6321,27,1,4,6.602538727139991,198.07616181419974,2,5,0
5905,205,5,18,11.971832294778444,359.15496884335334,3,5,1
6728,141,5,11,14.792280825136089,443.7684247540827,3,5,1
5410,121,4,16,10.933958280260745,328.01874840782233,3,5,1
3358,6,0,4,7.649745806050634,229.492374181519,3,5,0
3204,160,0,19,7.161273143659689,214.83819430979068,2,5,0
5604,119,1,6,14.997880013929239,449.93640041787717,3,5,1
4993,81,1,8,13.01637854015257,390.4913562045771,3,5,1
4241,129,3,18,15.661955545114573,469.8586663534372,2,5,1
2537,183,1,19,6.823486213438996,204.70458640316988,3,5,0
6011,190,3,18,15.026128550234132,450.783856507024,3,5,1
5868,108,2,16,14.45632312526816,433.68969375804477,2,5,1
6576,57,4,7,14.931851829241538,447.95555487724613,3,5,1
6525,205,2,17,6.0576295660713955,181.72888698214186,2,5,0
5583,9,1,3,13.419034805271947,402.57104415815843,3,5,1
3350,186,1,15,11.48938114161639,344.6814342484917,2,5,1
2944,25,5,4,11.731794337584198,351.9538301275259,2,5,1
5856,112,3,16,10.692019873527556,320.7605962058267,3,5,1
3823,152,2,14,13.426769177482193,402.8030753244658,3,5,1
4625,145,2,17,15.998392904764046,479.9517871429214,3,5,1
5898,100,4,9,13.105383592741635,393.16150778224903,3,5,1
5487,102,2,7,12.78050416039323,383.4151248117969,2,5,1
6206,124,1,14,12.54437715680081,376.3313147040243,3,5,1
6307,98,2,12,12.952116698473576,388.56350095420726,3,5,1
2850,185,0,17,9.421124674308324,282.6337402292497,3,5,0
4925,129,4,9,9.202197436664187,276.0659230999256,2,5,0
2995,147,4,12,13.843379782705064,415.30139348115193,2,5,1
6761,140,3,12,6.530880173529655,195.92640520588967,2,5,0
2349,76,3,8,13.592477382033838,407.7743214610151,2,5,1
3537,69,0,10,14.138415851695685,424.1524755508705,2,5,1
4977,122,2,12,11.215979595862677,336.4793878758803,3,5,1
4728,38,0,5,15.101480954130153,453.0444286239046,3,5,1
6346,57,4,1,10.730874371471845,321.92623114415534,3,5,1
4366,96,2,9,7.780866680958444,233.42600042875333,2,5,0
4236,160,2,15,9.613986487066729,288.41959461200184,3,5,0
5875,57,3,2,15.058675059310863,451.76025177932587,2,5,1
5094,137,1,4,15.93738288324387,478.12148649731614,2,5,1
5601,11,1,4,10.218539669894835,306.55619009684506,2,5,0
6174,66,4,3,7.668465455936579,230.05396367809735,2,5,0
6641,133,4,16,8.863292802341379,265.89878407024133,2,5,0
2923,79,1,8,11.53296342513964,345.9889027541892,3,5,0
2618,53,0,7,11.720959182771466,351.62877548314395,3,5,0
6400,161,2,12,12.3005940669358,369.017822008074,3,5,1
5262,77,2,12,14.35353372572547,430.6060117717641,3,5,1
5303,98,1,4,13.112141516880277,393.3642455064083,2,5,1
4601,186,3,15,8.60840226502507,258.2520679507521,3,5,0
3047,170,2,6,9.950440606960004,298.51321820880014,3,5,1
3698,131,1,3,14.398165838040136,431.94497514120405,2,5,1
4230,69,3,7,12.33382670605711,370.0148011817133,2,5,1
3868,132,1,6,7.664180482447235,229.92541447341705,2,5,0
4654,40,3,1,9.255388040803185,277.66164122409555,3,5,0
2082,106,0,8,13.910909124309013,417.3272737292704,3,5,1
2092,121,3,1,7.720941233233805,231.62823699701417,3,5,0
5156,147,4,16,12.910506527207795,387.3151958162339,2,5,1
5048,71,3,3,11.635365362315731,349.06096086947196,2,5,1
3467,0,2,2,7.474749064011451,224.24247192034355,2,5,0
4024,138,5,6,12.888789240309364,386.66367720928093,2,5,1
6869,188,2,8,7.423489706551697,222.70469119655093,2,5,1
5817,118,2,7,9.984355791096812,299.53067373290435,2,5,0
4698,150,2,7,9.085599245245202,272.5679773573561,3,5,0
2791,227,0,19,12.900099526869575,387.0029858060872,2,5,1
2475,145,0,18,13.823623566066523,414.7087069819957,2,5,1
2503,76,2,3,7.683165819559135,230.49497458677405,2,5,0
2230,142,1,11,14.119967425989417,423.5990227796825,2,5,1
3586,81,2,11,6.072140559945578,182.16421679836733,2,5,0
3774,111,0,3,11.300585473425329,339.0175642027599,2,5,1
5090,32,3,1,11.167888898746739,335.03666696240214,2,5,1
4256,116,3,10,12.238214307518197,367.1464292255459,2,5,1
5970,50,3,2,8.39700530334675,251.91015910040252,2,5,0
6226,177,2,17,6.0985682993020145,182.95704897906043,3,5,0
6838,239,4,9,10.547629161413994,316.4288748424198,3,5,1
2383,169,4,18,6.714062112582545,201.42186337747637,3,5,1
5163,45,1,9,14.921938868068683,447.6581660420605,3,5,1
4409,129,1,11,7.736663256891734,232.09989770675202,2,5,0
2760,141,2,17,10.252329674986605,307.56989024959813,3,5,0
5952,140,3,14,10.340003902403836,310.20011707211506,3,5,1
2942,203,1,18,11.528646478382047,345.8593943514614,2,5,1
4695,150,4,18,13.825323487703972,414.7597046311192,2,5,1
3296,121,2,12,10.721481505087796,321.64444515263386,2,5,1
4402,195,2,18,6.257532672204731,187.72598016614194,2,5,0
4147,72,2,8,13.711104111750895,411.33312335252685,3,5,1
3639,97,1,8,6.821733146208915,204.65199438626746,2,5,0
6396,115,2,8,12.41553292258864,372.4659876776592,2,5,0
2608,145,0,15,14.034295086518954,421.0288525955686,2,5,1
2881,100,0,8,8.826901724810437,264.8070517443131,3,5,0
4250,166,2,14,10.491064816840312,314.73194450520936,3,5,1
5092,122,3,13,6.143358421858166,184.300752655745,2,5,0
4159,50,3,8,14.038751995898854,421.16255987696564,3,5,1
4428,144,4,17,13.032610899208192,390.9783269762458,2,5,1
6850,164,6,19,8.31387394387843,249.4162183163529,3,5,1
5001,172,9,6,9.902261978657894,297.0678593597368,2,5,1
6891,101,1,17,12.953165018011113,388.5949505403334,3,5,1
3994,97,2,4,9.581631218512067,287.448936555362,3,5,0
3323,58,0,7,7.624147755576998,228.72443266730994,3,5,0
6317,232,5,17,11.185055288779083,335.55165866337245,2,5,1
3011,162,1,18,13.235675702864398,397.07027108593195,3,5,1
6038,89,2,6,9.208095070029458,276.24285210088374,3,5,1
2688,135,1,10,7.2177227164445785,216.53168149333735,3,5,0
6068,224,0,18,14.295441618119767,428.86324854359304,2,5,1
6213,73,2,7,8.528018664471231,255.84055993413693,3,5,0
6269,142,5,14,11.128149541066065,333.84448623198193,2,5,1
3242,167,1,14,12.91343149489243,387.4029448467729,2,5,1
5447,56,2,10,9.170752003942209,275.1225601182663,2,5,0
4044,33,0,9,12.486365373724183,374.59096121172547,2,5,1
2440,129,1,10,10.597095064415283,317.9128519324585,2,5,1
3224,92,4,2,11.704366551238461,351.13099653715386,3,5,1
4462,77,2,3,11.905761036169427,357.1728310850828,2,5,1
6178,169,3,16,14.241506868968862,427.2452060690659,3,5,1
4752,93,1,10,12.563262734353364,376.8978820306009,3,5,1
3752,201,4,11,8.643066921844104,259.2920076553231,2,5,0
6442,198,4,10,6.596043411384462,197.88130234153388,2,5,0
6629,135,1,12,6.019855440751328,180.59566322253983,2,5,0
5002,119,1,14,15.044173847669954,451.32521543009864,3,5,1
6546,76,3,9,15.421100518022063,462.6330155406619,3,5,1
5216,176,5,13,6.9411148766466795,208.23344629940038,3,5,1
5359,38,2,6,10.87053618282248,326.1160854846744,3,5,0
5942,89,4,11,7.515952034605345,225.47856103816034,3,5,0
5296,28,2,1,15.487490867040847,464.62472601122545,3,5,1
6309,180,2,15,8.468325168225237,254.0497550467571,3,5,1
6014,154,2,7,11.01647095596999,330.4941286790997,3,5,1
2899,128,0,11,7.6562019173291676,229.68605751987502,3,5,0
3189,195,2,17,9.327610845030623,279.8283253509187,2,5,0
2652,114,1,5,8.668063609271808,260.04190827815427,3,5,0
2982,137,0,9,10.754260429721857,322.6278128916557,2,5,0
2575,140,1,16,10.197819620221484,305.9345886066445,2,5,0
2332,157,1,11,9.307977946003753,279.2393383801126,3,5,1
6307,217,2,17,7.058776176484121,211.76328529452363,3,5,1
2288,90,0,6,10.844870220069481,325.34610660208443,3,5,0
4213,155,0,15,14.502080180915524,435.0624054274657,3,5,1
4173,87,2,3,13.30223336585566,399.06700097566977,3,5,1
5833,131,2,9,13.205748841626695,396.17246524880085,3,5,1
3055,61,2,12,9.660917367453088,289.8275210235926,2,5,0
6369,214,3,19,13.084190806820514,392.5257242046154,2,5,1
3324,226,1,18,10.655314813999187,319.6594444199756,3,5,1
5595,202,1,16,7.502760908381693,225.0828272514508,2,5,1
5827,124,3,8,10.19049749978051,305.71492499341525,2,5,1
4662,197,2,19,7.327386310315974,219.82158930947924,2,5,1
4323,64,2,5,7.144828189065359,214.34484567196077,2,5,0
3882,141,4,12,6.230593084576107,186.91779253728322,2,5,0
5063,117,2,6,8.828543009694165,264.856290290825,2,5,0
3153,151,2,12,9.308747842419448,279.26243527258345,3,5,0
5370,196,2,15,12.994437129384925,389.8331138815478,2,5,1
2096,99,2,10,11.380047848847836,341.4014354654351,2,5,1
2276,219,2,17,14.58449712053312,437.5349136159936,2,5,1
4847,71,2,7,7.764706267056565,232.94118801169694,2,5,0
2331,94,0,7,8.65956645859814,259.78699375794423,3,5,0
4252,105,2,11,15.410761111434157,462.3228333430247,2,5,1
6198,67,5,2,10.440452477798143,313.2135743339443,3,5,0
5051,137,2,2,13.890509430486558,416.71528291459674,2,5,1
5696,162,0,14,10.921676486494892,327.65029459484674,3,5,1
4407,198,3,18,10.710856570257477,321.3256971077243,2,5,1
5202,229,3,16,7.481162880296424,224.4348864088927,2,5,1
4086,15,0,11,14.511996109485862,435.35988328457586,2,5,0
2306,95,0,9,6.783552805476346,203.5065841642904,3,5,0
2883,76,2,7,9.102610946530415,273.0783283959125,3,5,1
6289,37,2,4,12.734680717201794,382.0404215160538,3,5,1
5589,111,3,16,11.072575508080298,332.17726524240896,3,5,0
5641,148,3,14,14.813783269715362,444.41349809146084,2,5,1
6344,150,1,11,6.3929795278791595,191.78938583637478,2,5,0
4162,98,2,8,12.494075194997302,374.8222558499191,3,5,1
5147,154,1,11,10.77465470627125,323.2396411881375,2,5,1
4783,183,3,17,7.543118234676509,226.29354704029527,2,5,0
5141,243,3,19,13.432519071125935,402.97557213377803,2,5,1
6603,104,3,10,10.11306855406024,303.39205662180717,3,5,0
2154,56,1,12,11.315819042366835,339.47457127100506,3,5,1
5630,0,2,1,15.672660663631083,470.1798199089325,2,5,1
2460,41,3,2,10.862300810251886,325.8690243075566,3,5,0
3396,148,2,18,14.233728655586427,427.01185966759283,3,5,1
2790,77,3,7,13.695775233412443,410.8732570023733,3,5,1
5709,218,3,16,12.62754591513799,378.8263774541397,3,5,1
3867,83,2,13,14.968121433503336,449.0436430051001,2,5,1
3688,137,3,4,8.51601646937181,255.4804940811543,3,5,1
2576,82,1,10,14.207712314676632,426.231369440299,3,5,1
5764,67,3,9,9.777874883973425,293.33624651920275,2,5,1
4543,173,1,18,14.124908900812214,423.7472670243664,3,5,1
2361,161,0,9,10.937886845455111,328.1366053636533,2,5,0
2456,86,1,10,14.577092529432358,437.31277588297075,2,5,1
5249,94,5,8,14.948435376929863,448.4530613078959,3,5,1
6224,101,1,11,11.976438756841155,359.29316270523464,2,5,1
5561,200,4,13,11.07626956831245,332.2880870493735,2,5,1
5110,126,2,13,13.832801433323342,414.98404299970025,3,5,1
5529,190,3,16,8.669862031791734,260.09586095375204,3,5,1
6907,163,5,13,6.153486812489144,184.60460437467432,3,5,1
6968,141,4,12,10.070945827547694,302.12837482643084,2,5,1
2349,130,0,15,11.077741328967768,332.33223986903306,2,5,1
4692,241,1,16,8.972627194387565,269.17881583162693,2,5,0
6547,220,3,8,9.833618817377674,295.00856452133024,2,5,1
6083,52,2,6,7.330582329160946,219.91746987482838,2,5,0
2108,51,0,8,8.772899033677941,263.18697101033825,2,5,0
3231,67,4,2,8.400953479145736,252.02860437437207,3,5,1
2576,88,1,18,9.009868538267702,270.296056148031,2,5,0
2240,119,0,11,8.990541105406525,269.71623316219575,2,5,0
4638,261,3,17,11.589683710476134,347.69051131428404,3,5,0
4041,96,2,10,8.505969401960726,255.1790820588218,2,5,0
2370,99,2,2,15.409612633398885,462.2883790019665,2,5,1
4152,255,3,19,11.11274830363335,333.3824491090005,2,5,1
2097,11,0,2,7.289660064097674,218.68980192293023,3,5,0
6191,95,2,6,8.79606270524284,263.8818811572852,3,5,0
3948,185,1,17,13.29757496135654,398.9272488406962,3,5,1
3495,160,1,12,6.136590383807275,184.09771151421825,3,5,0
4093,107,1,5,15.37817986196951,461.34539585908533,2,5,1
4937,95,1,2,10.451769217258061,313.55307651774183,2,5,0
4078,90,4,9,11.210790229509968,336.32370688529903,3,5,1
4455,52,0,2,15.88412235839528,476.5236707518584,2,5,1
5446,211,2,14,11.034030859993315,331.02092579979944,2,5,0
3405,243,6,15,15.477439944619725,464.32319833859174,2,5,1
6811,70,3,2,15.152311157931543,454.5693347379463,3,5,1
4691,157,1,18,15.413155286662127,462.3946585998638,2,5,1
4745,182,3,12,14.12373057492364,423.7119172477092,3,5,1
2972,107,0,7,8.963980845577312,268.9194253673194,2,5,1
4748,193,3,16,9.463824837859814,283.9147451357944,2,5,1
3512,228,3,19,9.64984068180641,289.4952204541923,3,5,1
4923,40,5,3,15.79180839612195,473.7542518836585,3,5,1
2808,203,4,15,9.607555039721486,288.2266511916446,2,5,1
6694,161,1,15,7.086893092183805,212.60679276551417,3,5,0
6230,141,2,7,13.783288946351517,413.4986683905455,3,5,1
2327,99,1,8,9.660632915820525,289.81898747461577,2,5,0
6294,144,7,7,12.209359117258433,366.280773517753,3,5,1
2682,87,3,3,15.24360412263967,457.3081236791901,3,5,1
5331,180,4,19,11.755055767780442,352.65167303341326,3,5,1
2123,160,3,19,12.37700178357888,371.3100535073664,3,5,1
2753,211,1,18,12.42862564465136,372.8587693395408,3,5,1
3606,51,0,7,12.123991857585153,363.71975572755457,3,5,1
5578,183,3,19,7.597693774809541,227.9308132442862,2,5,0
6666,75,4,5,10.564154147487555,316.92462442462664,3,5,1
3468,153,1,13,6.076640199770584,182.29920599311754,3,5,0
4845,88,3,2,12.262648040753332,367.87944122259995,2,5,1
4938,121,2,18,11.75358295026239,352.60748850787166,3,5,1
3926,32,0,4,9.18137219240821,275.4411657722463,3,5,0
4427,36,1,4,11.238955031702037,337.1686509510611,2,5,0
2164,89,1,8,10.930577819080767,327.917334572423,2,5,0
3509,43,1,11,8.509152159422513,255.27456478267538,3,5,0
6710,108,5,1,8.93287548092593,267.9862644277779,3,5,1
6092,119,3,9,13.625409966287506,408.76229898862516,2,5,1
4810,82,2,6,13.55732319181729,406.7196957545187,3,5,1
3200,92,0,4,10.697821502398424,320.93464507195273,3,5,1
5281,118,4,6,13.175089524159796,395.2526857247939,2,5,1
2618,174,4,13,10.508012802309361,315.2403840692808,2,5,1
4712,111,2,9,14.51374034896132,435.4122104688396,2,5,1
6954,156,2,14,9.328066822086132,279.842004662584,3,5,1
5723,169,2,12,15.27292499845401,458.1877499536203,2,5,1
3686,88,1,4,11.422836505646709,342.6850951694013,3,5,1
3606,168,1,8,11.356878610797507,340.7063583239252,2,5,0
6732,176,1,17,12.708103843260437,381.2431152978131,2,5,1
5932,101,1,5,9.408560108146844,282.2568032444053,3,5,0
5892,59,2,3,13.243295709071344,397.29887127214033,2,5,1
5803,89,3,4,9.204251026341199,276.12753079023594,3,5,1
6310,124,3,8,9.975388299587856,299.2616489876357,3,5,1
3353,160,4,16,12.747034367930567,382.41103103791704,3,5,1
6239,112,4,11,9.784491013013815,293.53473039041444,3,5,1
2618,81,2,2,7.999741226880607,239.99223680641822,3,5,0
2353,127,3,8,14.719014587755067,441.57043763265204,2,5,1
2280,144,0,7,15.22155380793886,456.64661423816585,2,5,1
5377,43,1,1,12.267310498074485,368.01931494223453,3,5,0
6932,21,3,2,14.111507711978534,423.34523135935603,3,5,1
5550,134,0,13,15.86652354774753,475.9957064324259,3,5,1
3959,148,0,11,12.147747518198258,364.43242554594775,3,5,1
2389,0,0,3,15.087926432500135,452.63779297500406,2,5,1
5867,55,2,2,9.592547497203476,287.7764249161043,2,5,1
6360,189,1,16,13.004724358871862,390.14173076615583,2,5,1
4053,57,2,1,6.5580546629684635,196.7416398890539,2,5,0
2167,81,2,7,13.889715556101448,416.6914666830435,2,5,1
6945,25,4,3,14.298031447295674,428.94094341887023,2,5,1
4166,167,2,16,10.011754364739918,300.35263094219755,3,5,1
6269,39,2,6,12.389550158773297,371.6865047631989,2,5,1
5006,178,2,14,14.583611023923586,437.50833071770757,2,5,1
2186,125,1,11,14.836081645090502,445.08244935271506,3,5,1
6046,251,2,19,7.06531524316601,211.9594572949803,3,5,1
4940,0,1,1,14.274877465328974,428.2463239598692,3,5,1
3297,135,3,13,8.742433519261002,262.2730055778301,3,5,1
4645,146,3,9,13.273068963377433,398.192068901323,3,5,1
3216,168,1,11,9.251641534925554,277.5492460477666,2,5,1
6627,78,2,1,6.563296706305771,196.89890118917313,3,5,0
4999,125,6,13,8.098707098511076,242.9612129553323,3,5,0
3205,28,2,1,10.08671775827084,302.6015327481252,3,5,0
2227,0,1,3,13.412286200610424,402.3685860183127,2,5,1
4613,182,3,17,7.0070362731235765,210.2110881937073,3,5,0
6709,131,3,5,14.129341249001598,423.880237470048,3,5,1
4136,83,1,6,15.969510919624106,479.0853275887232,2,5,1
5731,194,1,17,13.882576431791254,416.4772929537376,3,5,1
2249,142,2,10,10.737365200288814,322.1209560086644,2,5,0
4272,120,3,11,11.681602108459463,350.4480632537839,2,5,1
4950,46,2,13,6.061605083026746,181.84815249080236,3,5,0
5018,178,3,10,8.092738378553975,242.78215135661924,2,5,0
6768,169,2,14,14.989881314600455,449.6964394380136,3,5,1
4215,93,2,13,6.217294027351858,186.51882082055576,3,5,0
4157,86,2,4,15.047949528969818,451.43848586909456,3,5,1
3796,189,3,17,7.132526081281674,213.97578243845024,2,5,1
5244,236,2,18,7.330741299588343,219.9222389876503,2,5,0
2296,146,2,11,7.753499108569224,232.60497325707672,2,5,0
3927,129,0,10,13.993853249551963,419.8155974865589,2,5,0
4256,181,0,18,10.781865753423794,323.4559726027138,2,5,0
3457,161,2,19,7.4519663023004235,223.5589890690127,3,5,1
5546,143,3,9,12.86801819665325,386.0405458995975,3,5,1
5127,88,4,5,15.406883663257773,462.2065098977332,3,5,1
4308,0,0,1,11.72451474247472,351.73544227424156,2,5,0
5664,53,2,5,6.987000057205385,209.61000171616155,2,5,0
3589,13,1,3,6.5475060617753975,196.42518185326193,2,5,0
2095,85,1,1,13.958723598757608,418.7617079627282,3,5,1
5932,276,3,19,12.26083652374435,367.8250957123305,3,5,1
3359,129,1,6,15.226573391246014,456.7972017373804,2,5,1
3739,125,0,10,11.47250151047988,344.1750453143964,3,5,0
5794,82,3,5,6.623954032430534,198.71862097291603,2,5,0
3352,119,1,12,10.036868499986502,301.1060549995951,3,5,0
6924,111,5,12,12.579906885914179,377.3972065774254,2,5,1
3542,248,1,17,9.848853509372631,295.4656052811789,2,5,1
4667,19,3,2,15.99591396740233,479.87741902206994,3,5,1
2830,118,2,14,10.05378613673745,301.6135841021235,3,5,0
3605,128,2,12,11.4623612644755,343.870837934265,2,5,1
6645,134,1,13,8.253920326236795,247.61760978710385,3,5,1
4747,104,2,5,7.521382043021918,225.64146129065753,3,5,0
5810,68,5,5,12.45305538563251,373.59166156897527,3,5,1
6658,96,2,17,11.886127469156822,356.58382407470464,2,5,1
2221,60,0,5,6.043388574062843,181.30165722188528,3,5,0
5951,185,2,19,8.847815347977422,265.43446043932266,3,5,0
2530,57,1,4,12.435795730129144,373.0738719038743,3,5,1
6126,90,3,7,14.122493457324497,423.6748037197349,3,5,1
3381,156,1,17,9.123686530398443,273.7105959119533,2,5,0
6117,100,7,11,12.474363692888538,374.2309107866561,2,5,1
2753,146,2,6,8.652579301508462,259.57737904525385,2,5,0
6309,195,1,13,12.903798946292362,387.11396838877084,3,5,1
6807,186,1,12,12.979479986624625,389.38439959873875,2,5,1
3188,42,4,5,7.3022346551959005,219.067039655877,3,5,0
2408,136,2,10,12.65089783977005,379.5269351931015,2,5,1
4485,121,4,11,9.335671816803696,280.07015450411086,2,5,0
2796,87,1,9,7.7259493159262735,231.7784794777882,3,5,0
2860,101,1,13,11.003612327737741,330.1083698321322,3,5,0
6171,166,2,3,10.522966839087212,315.68900517261636,3,5,1
2365,161,1,17,13.73874811061997,412.16244331859906,2,5,1
3514,147,2,18,6.8451550916121855,205.35465274836557,3,5,0
6936,85,2,5,13.897532688317808,416.92598064953427,3,5,0
4934,233,9,16,7.060823621092957,211.8247086327887,3,5,1
3583,167,3,16,8.07459028079062,242.2377084237186,2,5,0
2498,137,2,11,11.15882118329671,334.7646354989013,3,5,0
5241,112,2,4,10.631746000224245,318.95238000672737,2,5,0
3369,78,3,9,15.888589747340482,476.65769242021446,2,5,1
3251,157,0,15,11.894737132624394,356.84211397873185,3,5,1
2698,110,2,12,9.27435595246914,278.2306785740742,3,5,1
4727,147,4,16,15.001488685439856,450.0446605631957,3,5,1
4250,137,1,4,9.122149567825037,273.6644870347511,3,5,1
4493,55,1,3,8.7377563518829,262.13269055648703,2,5,0
2131,24,1,4,10.943717951988594,328.31153855965783,3,5,0
2090,51,2,2,15.131747844730791,453.9524353419237,3,5,1
5894,153,4,19,13.085142552588387,392.5542765776516,2,5,1
5197,87,2,7,12.774832154673305,383.24496464019916,2,5,1
2471,23,1,2,13.26077265038763,397.8231795116289,3,5,1
3265,68,2,1,12.596406107758883,377.89218323276646,3,5,1
6597,271,4,18,13.59796359667946,407.9389079003838,3,5,1
4808,112,5,8,7.927620217291334,237.82860651874003,3,5,1
6482,78,2,8,7.7725828676160145,233.17748602848044,3,5,0
3111,118,1,10,9.621633437914038,288.6490031374212,2,5,1
2597,238,1,18,14.509597787958326,435.2879336387498,2,5,1
2907,138,0,11,13.144542154967098,394.33626464901295,2,5,1
4914,62,6,1,11.664733428427692,349.94200285283074,3,5,1
5216,23,4,7,6.1944743747811986,185.83423124343597,3,5,0
3354,106,3,8,8.358022839358666,250.74068518075998,3,5,1
5946,183,2,14,14.03513942549899,421.0541827649697,3,5,1
5235,250,6,19,8.424866930842187,252.74600792526562,2,5,1
4704,161,3,8,13.302901971909474,399.0870591572842,2,5,1
4389,160,1,19,7.84634264929884,235.39027947896523,3,5,1
6075,65,4,4,12.063675581993586,361.9102674598076,3,5,1
5650,105,0,10,12.282113667005017,368.46341001015054,3,5,1
2463,153,3,10,13.519662256864816,405.58986770594447,2,5,1
5938,56,1,4,10.3834240089564,311.502720268692,2,5,1
3072,124,2,8,12.326746990854724,369.8024097256417,3,5,1
2473,80,2,7,10.86969788720285,326.0909366160855,3,5,0
6983,126,1,15,15.473380453983129,464.20141361949385,2,5,1
2938,153,3,8,11.218807270185074,336.56421810555224,3,5,1
3310,127,1,10,8.095978831281878,242.87936493845632,2,5,0
4340,115,0,7,12.678925491386364,380.3677647415909,3,5,1
5520,193,4,19,11.484673282084135,344.540198462524,2,5,1
6056,91,1,3,14.038294972201466,421.148849166044,3,5,1
3086,59,0,9,7.769115975932436,233.0734792779731,2,5,0
6663,136,3,16,8.609396026739049,258.2818808021715,2,5,1
5529,189,2,14,15.21629107397722,456.4887322193166,3,5,1
6969,93,2,7,15.30026113246296,459.0078339738888,2,5,1
2259,121,1,12,10.42256766474891,312.6770299424673,3,5,0
3656,6,1,1,6.477511821184299,194.32535463552898,2,5,0
4955,205,3,16,9.065550686259597,271.9665205877879,3,5,1
6279,148,4,3,8.471226544212781,254.13679632638343,3,5,1
5119,62,0,1,10.146768519949218,304.40305559847656,2,5,0
2591,65,1,6,9.178006188785876,275.3401856635763,3,5,0
3432,101,0,2,14.289923438524543,428.6977031557363,3,5,1
4487,110,2,7,6.03036019125454,180.9108057376362,3,5,0
2228,76,0,8,12.446318535114981,373.38955605344944,3,5,1
4779,190,1,13,12.642702251560433,379.281067546813,2,5,1
3368,160,2,16,12.60626575289043,378.1879725867129,2,5,1
3624,62,2,10,11.205946805145697,336.1784041543709,3,5,1
5979,54,1,4,12.11104073109803,363.3312219329409,2,5,1
2739,165,2,13,14.1049431153709,423.148293461127,3,5,1
5174,157,4,17,13.841967786883814,415.25903360651444,3,5,1
4647,24,1,8,6.346253771784104,190.38761315352312,3,5,0
4070,162,2,8,6.304365357373088,189.13096072119265,2,5,0
6571,220,3,7,14.389448127704913,431.6834438311474,3,5,1
6993,28,2,1,11.74729687530563,352.41890625916886,3,5,1
4034,144,4,15,15.574273352691922,467.22820058075763,2,5,1
6380,96,0,15,10.315915969164758,309.4774790749427,3,5,0
3185,164,3,19,7.767418213957438,233.02254641872312,2,5,0
2589,0,0,4,10.732349123878091,321.9704737163427,2,5,0
6217,35,2,6,10.36544307961523,310.9632923884569,2,5,0
3135,120,2,10,11.171773814385164,335.1532144315549,3,5,1
5420,77,3,12,14.079472338769499,422.38417016308495,3,5,1
4558,8,1,4,12.555839879367761,376.67519638103283,3,5,0
2001,96,2,6,7.8527532739937485,235.58259821981244,3,5,0
2891,117,0,14,13.344772563550613,400.3431769065184,3,5,1
6894,178,6,13,11.918962132784316,357.56886398352947,3,5,1
6724,50,2,3,11.783107305376813,353.4932191613044,3,5,1
6556,152,2,15,12.782568824356352,383.47706473069053,3,5,1
4999,95,2,3,11.639654586565317,349.1896375969595,3,5,1
5553,48,0,5,10.575137363380934,317.254120901428,3,5,1
5657,172,2,13,12.403802828140961,372.11408484422884,3,5,1
2971,143,2,15,13.237270695505751,397.11812086517256,3,5,1
6149,143,2,17,8.257669428311907,247.7300828493572,2,5,0
5742,55,4,6,10.970498942381125,329.1149682714338,2,5,1
6204,112,1,18,10.581724632651236,317.4517389795371,3,5,1
2279,9,1,3,6.399032706112883,191.9709811833865,3,5,0
3698,41,2,9,14.344386564240057,430.3315969272017,2,5,1
4887,59,1,8,9.773820239384243,293.2146071815273,2,5,1
4884,165,3,11,6.726892332012088,201.80676996036266,3,5,0
5285,127,2,11,10.578990970764814,317.3697291229444,3,5,0
5579,98,4,8,7.614808060915973,228.44424182747917,3,5,0
4251,15,1,1,13.044144146346648,391.32432439039945,3,5,1
6640,57,3,2,11.717715751676515,351.53147255029546,3,5,0
4356,68,1,4,8.701138069779352,261.0341420933806,2,5,0
6623,26,5,2,15.50473859150974,465.1421577452922,3,5,1
3931,64,0,2,8.917453482555807,267.5236044766742,2,5,0
5414,130,2,13,11.549969069769208,346.4990720930762,2,5,1
3008,99,2,6,14.015678242910493,420.4703472873148,3,5,1
6712,70,2,4,11.13892297954488,334.1676893863464,3,5,1
4078,108,3,15,15.60855675775285,468.2567027325855,2,5,1
6195,116,2,3,14.438545669795145,433.1563700938544,3,5,1
4714,81,4,4,15.21019014000896,456.3057042002688,2,5,1
3338,151,0,17,9.72702583754439,291.8107751263317,2,5,0
6590,116,3,6,11.483554174112585,344.50662522337757,3,5,1
5689,9,2,2,14.401662954934006,432.04988864802016,3,5,1
2741,86,3,13,15.035000343027459,451.05001029082376,3,5,1
2733,172,0,15,15.443635779685215,463.3090733905564,2,5,1
3806,125,2,5,14.791519932797558,443.7455979839267,2,5,1
4378,208,3,19,13.307549040752342,399.22647122257024,2,5,1
5265,125,3,6,6.2421480553193,187.26444165957898,3,5,0
3753,125,2,17,9.149534494754631,274.48603484263896,2,5,0
3024,33,2,1,7.289362848934305,218.68088546802915,3,5,0
3482,34,3,2,7.547586013401483,226.4275804020445,3,5,0
4565,89,2,1,8.90907187382892,267.2721562148676,2,5,0
5554,123,2,8,6.747404571885526,202.42213715656578,3,5,0
3779,108,1,4,8.430318123242156,252.90954369726467,2,5,0
5716,179,6,18,15.56978836539141,467.0936509617423,3,5,1
6818,61,1,9,9.119435785881958,273.58307357645873,3,5,0
4116,208,1,15,7.597130699240235,227.91392097720706,2,5,1
6566,179,4,16,13.183001804198078,395.4900541259423,3,5,1
4539,111,3,3,14.285051500522497,428.55154501567495,2,5,1
4965,45,2,1,9.140378495964836,274.2113548789451,3,5,0
4760,227,1,13,8.78497310578371,263.5491931735113,2,5,0
4454,199,2,14,8.417595479050336,252.52786437151008,2,5,0
5754,76,1,6,9.932612390663733,297.978371719912,3,5,1
3945,80,2,5,6.872317578388918,206.16952735166754,3,5,0
5368,70,0,5,12.691292265562064,380.73876796686193,2,5,0
4629,26,2,4,14.22226325256459,426.66789757693766,2,5,1
2528,116,2,12,12.63682279739218,379.1046839217654,2,5,1
6232,124,1,14,10.211996898930485,306.3599069679145,2,5,1
3471,176,5,14,8.889622473442392,266.6886742032718,3,5,0
4035,95,2,11,10.094461645115736,302.8338493534721,3,5,1
6034,118,3,10,10.238374848872489,307.15124546617466,3,5,0
3367,100,1,10,12.660208284725071,379.80624854175215,3,5,1
3719,115,2,9,15.28060355650565,458.4181066951695,3,5,1
3041,109,1,2,6.705864894479388,201.17594683438165,2,5,0
5487,205,4,14,15.533535928836221,466.00607786508664,2,5,1
2559,53,4,7,15.102012835620345,453.06038506861034,3,5,1
3564,168,1,17,7.177323003428889,215.31969010286667,3,5,0
5224,91,2,8,7.835850310853338,235.07550932560014,2,5,0
3800,66,6,4,9.115956014469228,273.47868043407686,3,5,1
5270,191,7,5,11.59666040965192,347.8998122895576,3,5,1
3811,122,2,13,7.3447619607861325,220.34285882358398,2,5,1
5081,82,3,7,8.00334953271887,240.1004859815661,3,5,1
6262,158,2,6,15.026752939396792,450.80258818190373,3,5,1
2146,204,0,17,7.093006307709258,212.79018923127774,3,5,0
5828,70,2,6,9.988782651393395,299.66347954180185,3,5,1
6540,232,4,19,13.630017776587087,408.9005332976126,2,5,1
4117,54,2,3,14.88583116890738,446.5749350672214,3,5,1
4663,100,1,9,9.36042562596688,280.8127687790064,3,5,0
2318,117,0,15,7.644375053575661,229.33125160726985,2,5,0
5969,6,2,8,13.370116590955615,401.10349772866846,2,5,1
6131,98,1,15,13.725577586731765,411.76732760195296,2,5,1
2254,3,2,1,15.800334440605443,474.0100332181633,3,5,1
3336,120,2,8,7.395418514434042,221.86255543302127,2,5,0
2334,68,0,4,13.09420882669351,392.8262648008053,2,5,0
5091,163,2,10,10.172925377346552,305.18776132039653,3,5,0
6393,119,2,16,15.146294375674543,454.3888312702363,2,5,1
3044,260,3,18,10.078308843333858,302.34926530001576,3,5,1
6573,144,3,4,10.459603755626661,313.78811266879984,3,5,1
3791,105,2,8,7.267965981867341,218.03897945602023,3,5,0
4519,49,3,4,9.209367850908798,276.28103552726395,2,5,0
2961,89,1,10,10.008404703922842,300.25214111768526,3,5,0
5749,69,0,4,6.17508754377851,185.25262631335528,2,5,0
6565,263,6,16,10.37574468442829,311.27234053284866,2,5,1
4814,122,0,12,9.363185512673063,280.8955653801919,3,5,0
2589,46,0,10,14.03839735800492,421.1519207401476,3,5,1
3988,198,1,11,7.071126134457929,212.13378403373787,2,5,0
4839,54,5,2,13.602111269228912,408.06333807686735,3,5,1
5865,236,4,16,13.140115432767342,394.20346298302024,2,5,1
4433,217,2,19,8.41782327783106,252.5346983349318,2,5,1
4989,125,1,12,6.832716683417971,204.98150050253912,2,5,0
5948,105,1,4,14.418334457556961,432.5500337267088,2,5,1
6541,156,4,17,8.494300427449135,254.82901282347405,2,5,0
3960,119,1,12,7.455601197070982,223.66803591212948,2,5,0
6194,141,1,16,9.59036601913192,287.7109805739576,3,5,0
2654,45,0,3,10.00882823659052,300.26484709771563,2,5,0
3078,67,0,2,9.26087979780088,277.82639393402644,2,5,0
5074,117,2,7,15.764811125069512,472.94433375208536,3,5,1
3355,25,2,6,14.808206692963502,444.24620078890507,3,5,1
3458,26,2,1,14.729754964590887,441.8926489377266,2,5,1
5282,150,3,15,9.987675905207698,299.63027715623093,2,5,1
6912,174,5,12,15.628696397384934,468.860891921548,2,5,1
6756,92,3,13,12.840152962916976,385.20458888750926,3,5,1
6695,142,4,8,14.319946687050768,429.59840061152306,2,5,1
2919,66,2,9,11.00875125054362,330.2625375163086,2,5,0
3746,47,0,1,7.606172931993523,228.1851879598057,3,5,0
3758,119,1,5,14.868855049846765,446.06565149540296,3,5,1
3831,36,0,7,10.864267393721743,325.9280218116523,3,5,0
3171,193,2,18,15.68554909085197,470.5664727255591,2,5,1
5278,101,3,8,8.548610114025244,256.4583034207573,3,5,1
2359,70,0,10,15.923789914312245,477.71369742936736,2,5,1
5810,60,3,8,8.22424681972149,246.7274045916447,3,5,1
3440,117,4,12,9.681667580234695,290.45002740704086,3,5,1
4919,155,6,16,11.94016522924926,358.2049568774778,2,5,1
3719,132,3,12,12.933230591844952,387.99691775534853,2,5,1
5253,56,4,3,13.202821690064072,396.08465070192216,3,5,1
2555,205,3,18,10.762524089277726,322.8757226783318,2,5,1
3233,122,4,5,6.768269568641019,203.04808705923057,2,5,0
5920,115,7,14,10.960481517161012,328.81444551483037,3,5,1
6039,177,6,16,9.346879525363963,280.4063857609189,2,5,0
4297,50,2,6,12.576556090187232,377.29668270561694,2,5,0
3535,129,3,16,7.8227558416571155,234.68267524971347,3,5,0
6058,79,0,14,9.939123247513528,298.17369742540586,2,5,0
5302,24,4,5,15.661191540005332,469.83574620016,2,5,1
2909,126,1,14,6.8886739923030245,206.66021976909073,2,5,0
3961,138,1,11,12.023341579411603,360.7002473823481,3,5,1
2011,127,2,9,6.906482290485357,207.1944687145607,2,5,0
2979,43,0,7,7.569956559399598,227.09869678198794,2,5,0
2272,28,1,5,12.049343886130572,361.48031658391716,2,5,1
6583,169,2,15,10.439955225777863,313.1986567733359,2,5,1
3997,126,2,13,11.484989969501704,344.54969908505115,2,5,1
6633,176,3,12,14.798721705950927,443.9616511785278,3,5,1
3688,115,2,15,14.172402425109725,425.17207275329173,2,5,1
3595,127,4,19,14.879814494285128,446.3944348285538,3,5,1
5242,216,2,19,12.162549208382123,364.87647625146366,2,5,1
6683,49,3,10,10.896431697140143,326.8929509142043,3,5,1
3715,113,1,17,10.591975817800218,317.7592745340065,2,5,1
6338,151,4,16,13.39808556222444,401.94256686673316,3,5,1
3201,63,1,5,11.21299878324963,336.3899634974889,2,5,0
4845,111,5,4,7.057687962622188,211.73063887866564,2,5,0
2256,74,1,10,7.419390240582613,222.5817072174784,2,5,0
2309,130,0,6,9.570827677139025,287.12483031417077,2,5,0
4563,62,1,11,6.678233719711887,200.34701159135662,3,5,0
5417,128,5,11,8.392312194599302,251.76936583797908,2,5,0
3088,206,3,16,12.564008532135464,376.9202559640639,2,5,0
6731,197,4,14,6.124303122972465,183.72909368917396,2,5,0
6892,73,2,19,12.04092865581498,361.2278596744494,2,5,1
3176,180,2,4,13.723569232018301,411.70707696054905,3,5,1
5097,72,3,5,7.7015375153109735,231.0461254593292,2,5,0
5230,203,2,19,7.809685632024086,234.2905689607226,2,5,0
3724,157,1,17,6.288563665134807,188.6569099540442,2,5,0
4628,269,2,18,11.124500388334615,333.7350116500385,2,5,1
6174,155,2,8,12.545875568727173,376.37626706181516,3,5,1
5299,151,1,4,10.569095820846188,317.0728746253856,2,5,1
3350,202,2,18,9.894488096262117,296.83464288786354,3,5,1
2619,154,0,11,10.544128172936672,316.32384518810017,2,5,0
4548,100,0,14,13.815282187246552,414.45846561739654,3,5,1
3378,133,2,13,6.33514307345359,190.0542922036077,3,5,0
6058,214,4,16,13.838185608326084,415.1455682497825,2,5,1
2977,143,1,12,12.663421156667912,379.90263470003737,2,5,1
3537,116,2,9,8.4142655415742,252.42796624722598,2,5,1
5772,64,2,7,11.247397262401822,337.4219178720547,2,5,1
5578,176,4,10,6.492906706524446,194.78720119573336,3,5,0
4533,212,0,17,9.795886703393013,293.87660110179036,3,5,1
2477,220,1,18,7.740424790771349,232.21274372314048,3,5,1
5654,112,3,7,6.22300386020654,186.6901158061962,3,5,0
3894,64,2,3,9.570894977659659,287.12684932978976,2,5,0
4380,194,0,15,13.261124173944356,397.8337252183307,2,5,1
3632,200,1,16,15.210218673584041,456.3065602075212,3,5,1
4040,145,3,17,12.622635130906499,378.67905392719496,2,5,1
3565,151,1,13,10.019701281303904,300.59103843911714,3,5,0
6125,105,5,3,15.994961124018776,479.8488337205633,3,5,1
6822,48,1,5,8.829435081002103,264.8830524300631,3,5,0
6268,153,3,9,7.871314327081805,236.13942981245415,2,5,0
4839,222,4,18,10.63682269225918,319.1046807677754,3,5,1
2467,111,2,11,11.049114154418078,331.47342463254233,3,5,1
5547,63,0,11,9.548233800433263,286.4470140129979,3,5,0
3975,191,2,16,12.9549907904532,388.649723713596,2,5,1
5388,177,1,8,7.838644119282171,235.15932357846515,2,5,0
6220,61,1,2,11.10339759750806,333.1019279252418,3,5,1
4743,150,3,10,11.001269585007883,330.03808755023647,2,5,0
4574,46,3,6,14.237864226816393,427.1359268044918,2,5,1
3419,75,3,4,15.269681987608049,458.0904596282415,2,5,1
3877,70,1,5,12.632658737106595,378.97976211319786,2,5,1
3026,92,2,11,9.053715903346411,271.61147710039234,3,5,1
6631,158,3,12,12.89611019868291,386.8833059604873,3,5,1
2600,179,1,16,8.51371129240501,255.4113387721503,3,5,0
5592,135,1,14,15.665443904795376,469.9633171438613,3,5,1
2987,146,1,14,14.223621190827128,426.70863572481386,2,5,1
2605,232,0,15,10.31190255466038,309.3570766398114,3,5,1
4747,74,1,8,13.843435171415962,415.30305514247885,2,5,1
2138,29,1,5,10.086556453619082,302.5966936085724,3,5,0
4057,70,3,9,6.746101587797479,202.38304763392435,3,5,0
5586,172,1,16,13.067688730006054,392.0306619001816,2,5,0
6225,0,5,3,10.046138330284405,301.38414990853215,3,5,1
6496,105,0,12,15.303198167838618,459.09594503515854,2,5,1
3244,62,3,7,9.065612143292867,271.968364298786,3,5,0
2641,173,2,17,14.433328214545933,432.999846436378,3,5,1
2436,147,0,15,12.804378452067642,384.13135356202923,2,5,1
3423,183,4,15,14.533246161278912,435.99738483836734,3,5,1
3136,170,4,12,8.918818770935555,267.56456312806665,2,5,1
5721,96,1,2,10.613454033186441,318.40362099559326,2,5,0
5289,89,2,8,14.231290112354301,426.938703370629,3,5,1
2057,48,1,5,12.438188191845335,373.14564575536,3,5,1
3136,88,0,3,9.599218994953347,287.97656984860043,2,5,0
2699,0,2,1,11.119956257093,333.59868771278997,3,5,0
3145,198,2,16,15.960980943632757,478.8294283089827,3,5,1
4455,115,0,10,13.418479954138819,402.55439862416455,2,5,1
3108,142,3,10,12.14522652780029,364.3567958340087,2,5,1
6495,142,2,11,14.279113804335157,428.3734141300547,3,5,1
2107,141,2,12,10.4203033877217,312.609101631651,2,5,0
3984,106,1,8,15.500640046466854,465.0192013940056,3,5,1
6247,30,1,5,11.520212286956921,345.6063686087076,3,5,0
2905,90,3,9,9.268721496262884,278.06164488788653,3,5,0
6945,199,2,11,6.860199775716323,205.80599327148968,2,5,0
3992,186,2,15,9.756952192472236,292.7085657741671,2,5,1
6122,233,5,17,11.686383770365705,350.59151311097116,3,5,0
6214,119,3,11,13.032481387332442,390.9744416199733,2,5,1
6818,152,3,13,14.751166929110733,442.535007873322,2,5,1
4147,187,0,17,15.439608353238148,463.1882505971444,2,5,1
6098,139,1,7,7.024538461811277,210.7361538543383,2,5,0
2805,120,5,9,12.009049859978148,360.27149579934445,2,5,1
3992,203,2,18,12.66589649163026,379.9768947489078,3,5,1
5600,217,3,18,7.720638169933588,231.61914509800764,2,5,1
6399,162,3,10,11.45600680263415,343.6802040790245,2,5,1
6272,147,6,12,9.34833635580275,280.4500906740825,2,5,1
6010,230,1,18,6.774173319859134,203.22519959577403,3,5,0
2083,55,2,9,6.658659911671422,199.75979735014266,3,5,0
6358,56,0,9,13.592129804432501,407.76389413297505,2,5,1
5320,144,3,10,12.154554518720216,364.6366355616065,3,5,1
4505,71,3,1,13.151216782303685,394.5365034691105,2,5,1
4456,113,1,11,12.852781545363932,385.58344636091795,3,5,1
5062,134,2,14,7.343122997791867,220.293689933756,3,5,0
5852,102,2,10,7.515652565237275,225.46957695711825,2,5,0
6897,126,4,14,8.524837242071165,255.74511726213495,3,5,1
6990,200,4,19,9.991005869646898,299.73017608940694,2,5,1
6968,72,5,10,15.39176224937632,461.7528674812896,2,5,1
2387,216,1,17,12.738923613829444,382.1677084148833,3,5,1
4003,76,3,2,8.551719344500347,256.5515803350104,3,5,0
3031,198,1,14,6.559841018273399,196.79523054820197,3,5,0
3540,180,0,18,12.842239308063732,385.26717924191195,2,5,1
2449,49,1,2,12.253184708160521,367.59554124481565,2,5,1
5547,197,2,19,12.75763418362137,382.7290255086411,2,5,1
6437,76,2,8,8.611796540585798,258.35389621757395,3,5,0
3096,38,2,6,11.169632172253634,335.088965167609,3,5,1
2859,56,2,7,9.61702801391489,288.51084041744673,3,5,0
2301,126,2,13,14.176989389457452,425.30968168372357,3,5,1
4019,30,4,2,6.693966621186679,200.81899863560037,2,5,0
2880,139,0,7,8.75441789441636,262.6325368324908,3,5,0
4281,9,0,1,12.02953744170369,360.8861232511107,2,5,0
6161,103,2,6,8.052237770740215,241.56713312220643,2,5,0
2229,196,3,16,12.727134359728744,381.8140307918623,2,5,1
2921,153,2,8,7.36772503200153,221.0317509600459,3,5,0
3832,171,2,13,6.228122918747031,186.84368756241093,3,5,0
2050,167,0,18,14.634945328451202,439.04835985353606,3,5,1
5678,215,1,14,9.334444014072803,280.0333204221841,3,5,1
6482,149,5,18,7.568489830610323,227.0546949183097,3,5,1
5781,44,4,4,7.7270902574579985,231.81270772373995,3,5,0
2752,173,3,15,14.858953940345648,445.7686182103694,3,5,1
3478,73,0,5,12.544314061468121,376.3294218440436,3,5,0
4088,184,2,14,15.5634626659009,466.90387997702703,3,5,1
4993,174,2,16,14.000403233779064,420.01209701337194,3,5,0
5795,169,1,15,13.675426850281692,410.26280550845075,3,5,1
5340,187,6,11,10.998206595750823,329.9461978725247,3,5,1
4343,51,0,2,14.208048987061455,426.2414696118436,3,5,1
3238,206,1,18,10.126525384418517,303.7957615325555,3,5,1
6520,51,4,4,14.270004970323544,428.1001491097063,2,5,1
4236,137,3,15,13.577412916871229,407.32238750613686,2,5,1
6256,181,4,12,12.784386255960511,383.53158767881536,2,5,1
4428,83,5,3,9.297161859634567,278.914855789037,3,5,1
6339,93,5,4,12.307116373085602,369.2134911925681,2,5,1
2182,145,3,16,11.067876247750792,332.03628743252375,3,5,1
2543,86,5,6,10.615428669259098,318.4628600777729,3,5,1
4826,67,2,2,15.902463333834756,477.0739000150427,2,5,1
2092,89,0,9,11.043978298304701,331.31934894914104,3,5,0
4415,96,1,12,6.319862054036671,189.5958616211001,3,5,0
6254,96,1,12,12.264678690818942,367.9403607245682,3,5,1
4445,131,3,14,13.28010845027638,398.4032535082914,3,5,1
6533,157,1,17,14.85183869316744,445.5551607950232,2,5,1
6401,95,1,9,12.326847267228269,369.8054180168481,3,5,1
5032,208,4,12,6.194571171985088,185.83713515955264,2,5,0
3973,146,0,10,7.19744335811192,215.9233007433576,2,5,0
5289,139,2,11,7.6124004915801375,228.37201474740414,3,5,0
4376,135,3,2,8.112613530268437,243.3784059080531,2,5,0
6438,153,0,16,13.99776897155003,419.9330691465009,3,5,1
5234,62,1,1,9.097600500091716,272.92801500275147,3,5,0
3133,61,2,1,9.123623227708606,273.7086968312582,2,5,0
5638,74,2,2,13.555874409777282,406.67623229331844,2,5,1
4397,106,2,12,10.124365745213561,303.7309723564068,2,5,1
4773,166,1,18,6.64639531953803,199.3918595861409,3,5,0
6460,103,2,12,11.85126445760635,355.53793372819047,2,5,1
3920,54,0,1,7.3006768650465,219.02030595139502,2,5,0
4062,143,5,11,11.71664279969179,351.4992839907537,2,5,1
4200,0,3,2,13.796381076219003,413.8914322865701,3,5,1
6627,151,1,12,15.294896373272731,458.84689119818194,3,5,1
5014,64,2,2,6.670526069492387,200.1157820847716,2,5,0
5471,249,3,17,9.039665837624906,271.18997512874716,2,5,0
6950,130,3,6,12.524639830079668,375.73919490239,2,5,1
2468,212,2,16,9.154530028447892,274.6359008534368,3,5,0
3344,146,2,19,10.510256111930387,315.3076833579116,3,5,1
2878,137,3,6,6.200908625442961,186.0272587632888,3,5,0
6462,93,3,7,12.9349800616184,388.049401848552,3,5,1
5909,164,2,19,14.832801315120127,444.9840394536038,3,5,1
5807,82,2,17,15.768596478129549,473.05789434388646,2,5,1
6736,150,4,6,14.305333489557631,429.16000468672894,2,5,1
6957,148,2,15,6.317762624238782,189.53287872716345,3,5,0
4941,107,2,9,12.518539681768095,375.55619045304286,3,5,1
5345,68,2,2,10.956592463138698,328.69777389416095,2,5,0
2588,154,2,5,15.378954932139154,461.3686479641746,2,5,1
5883,85,5,5,15.021388646939851,450.64165940819555,2,5,1
3329,130,1,12,15.880461743822073,476.41385231466217,2,5,1
2091,163,3,10,14.619342242616826,438.5802672785048,2,5,1
2457,55,1,4,11.468921338571507,344.0676401571452,2,5,0
5341,112,4,12,13.149005154101056,394.4701546230317,2,5,1
3884,67,1,15,15.6467723636654,469.403170909962,2,5,1
5121,173,2,10,11.781167277665926,353.43501832997777,2,5,1
4039,193,2,18,14.399791870122634,431.993756103679,2,5,1
3403,101,2,5,15.4220987612206,462.66296283661796,2,5,1
5703,119,1,13,11.705376912487939,351.16130737463817,3,5,1
6482,99,2,4,7.591542460801769,227.74627382405305,3,5,1
3981,88,2,9,7.555633931402144,226.66901794206433,3,5,0
3792,205,5,18,7.153171741679598,214.59515225038794,2,5,1
6466,68,2,3,10.763231802749402,322.89695408248207,2,5,0
4231,173,2,11,10.801415782727542,324.0424734818263,3,5,1
2771,97,2,4,12.173711883712038,365.21135651136115,3,5,0
2204,76,0,9,10.828728141207465,324.86184423622393,2,5,0
4219,165,3,12,15.73055015484025,471.9165046452075,2,5,1
6920,105,2,10,8.91310820598953,267.3932461796859,2,5,0
2221,77,0,10,14.73816625544654,442.1449876633962,3,5,1
3191,124,0,9,7.003304276171947,210.0991282851584,2,5,0
5315,132,3,10,12.019176780367307,360.5753034110192,2,5,1
5289,54,0,9,12.483252173595336,374.4975652078601,2,5,1
3598,22,1,1,13.722301265764509,411.66903797293526,2,5,1
3908,187,0,16,11.030222129452007,330.9066638835602,3,5,0
6262,172,3,14,7.972262870253026,239.1678861075908,3,5,1
3542,166,3,13,9.6899761256344,290.69928376903204,2,5,0
2141,156,1,6,8.721615164956292,261.64845494868877,3,5,0
2089,186,1,14,10.191055156352023,305.7316546905607,3,5,1
5985,119,6,8,11.299683077127002,338.99049231381,2,5,1
6406,167,2,18,12.250702913772493,367.52108741317477,3,5,1
4263,25,3,1,14.451219449167624,433.5365834750287,2,5,1
5512,122,3,12,15.100103210603557,453.0030963181067,2,5,1
5706,74,4,11,10.625812849013679,318.7743854704104,3,5,1
3209,90,1,13,6.88671437356254,206.60143120687619,2,5,0
6978,103,3,4,13.970651896017205,419.11955688051614,2,5,1
5224,144,1,6,10.771577251403901,323.14731754211704,2,5,1
6856,156,4,13,11.464466013712611,343.93398041137834,2,5,1
3359,105,0,13,11.957941399729384,358.7382419918815,3,5,1
3538,0,1,6,12.678677587419902,380.360327622597,2,5,1
2148,130,0,4,14.901008600325078,447.03025800975234,3,5,1
6810,15,3,3,15.52146195210191,465.64385856305734,3,5,1
3425,96,1,15,15.401693190582868,462.05079571748604,3,5,1
3717,131,5,11,14.094636522830344,422.8390956849103,2,5,1
3354,54,2,2,14.892422535838028,446.77267607514085,3,5,1
4405,171,1,17,6.496547689483579,194.89643068450738,3,5,0
4635,16,1,2,14.491126664546575,434.73379993639725,3,5,1
4363,64,2,1,6.7226523685402455,201.67957105620735,3,5,0
4932,54,1,5,13.461939075863066,403.858172275892,3,5,1
